Image_Number,0_Dirt,1_Bush,2_Fence,3_Gravel,4_Water,5_Tree-trunk,6_Tree-Foliage,7_Other-object,8_Other-terrain,9_Rock,10_Ignore,11_Structure,12_Mud,13_Log,14_Grass,15_Background,16_Sky
0,0.8002423752777217,,,,,0.7045004401408451,0.7841934934423437,0.0,,,,,,,0.6938659290595509,,0.6274823099748916
1,0.9071297429620563,,,,,0.5922771152754117,0.7963963370446011,,,,,,0.5570291777188329,,0.8364894867441557,,0.36470588235294116
2,0.7268611670020121,,,,,0.01971830985915493,0.9238370388979609,,,0.39244186046511625,,,,0.2159709618874773,0.9241285030758715,,0.9583348442542698
3,0.9453703703703704,,,,,0.6537388763448001,0.8804898648648649,0.4745152354570637,,,,,0.0,,0.791189135475323,,0.8388984509466437
4,0.9293105859320375,,,,,0.819156099203232,0.8688027785344593,,,,,,0.3036978756884343,,0.6216668813602989,,0.6572164948453608
5,0.8591603053435114,,,,,0.37626494940202393,0.8764995386035066,,,,,,0.0,0.35051546391752575,0.8789885611077664,,0.9555886736214605
6,0.8329297820823245,,,,,0.6645613659476529,0.8206967919972404,,,,,0.5988372093023255,0.030418250950570342,0.0,0.6138790035587188,,0.5719344842850819
7,0.8827581766675251,,,,,0.511314251461112,0.89824604743083,,,,,,0.25075528700906347,,0.616571771051843,,0.686858316221766
8,0.9114590363071939,,,,,0.49859008607895516,0.801536262951054,,,,,,0.1891891891891892,,0.6522061000888363,,0.608583055863855
9,0.5445544554455446,,,,,0.602078730668809,0.8235686069201846,,,,,,0.45689655172413796,,0.8108156504610977,,0.016666666666666666
10,0.7861936720997124,,,,,0.7914153457707953,0.8625015894544992,,,,,,0.0,,0.5519840390157393,,0.5455510348487529
11,,,,,,0.6800781049278043,0.8669388226685409,,,,,,,,0.0,,0.33080568720379144
12,0.8159808524348706,,,,,0.47931921630714425,0.8293922268490977,0.0,,,,,0.0,,0.6603909557697505,,0.6849775784753364
13,0.7627872498146775,,,,,0.718121783043605,0.8474204878677537,0.7072085434589143,,,,,0.0,,0.49220103986135183,,0.7441860465116279
14,0.9573562083436189,,,,,0.5176168153636777,0.8800078334825425,,,,,,0.13253012048192772,,0.7985394796896395,,0.786923076923077
15,0.8171104321257093,,,,,0.6432874741480082,0.8813962635201573,,,,,,,0.6571428571428571,0.6104886769964243,,0.6217726909768432
16,0.6376021798365122,,,,,0.5343838148040074,0.7363736129740276,,,,,,0.4969408565601632,,0.8715572582315179,,0.0
17,0.887810360682538,,,,,0.6443520854979962,0.9098710200664522,,,,,0.0,0.08074534161490683,,0.7988851400909491,,0.564528899445764
18,0.9350273399807012,,,,,0.5824637312293205,0.8881448902945246,,,,,,0.5148514851485149,,0.8513300737548687,,0.6428571428571429
19,0.9354306343476019,,,,,0.7420741989881956,0.8678277992802336,0.7835281023928771,,,,,0.574222668004012,0.4748201438848921,0.7306818181818182,,0.6104319478402608
20,0.0,,,,,0.288,0.8964849921011059,,,0.0,,,,0.3820662768031189,0.979145349120499,,0.952156265854896
21,0.5868620037807183,,,,,0.5801299616378298,0.8571541231828816,,0.0,,,0.0,0.0,0.4138157894736842,0.44360902255639095,,0.66015625
22,0.9550880287235047,,,,,0.6477720044087545,0.8562649368385115,0.0,,,,,0.04081632653061224,,0.5230578089600234,,
23,0.9137586041299824,,,,,0.6230342275670675,0.8639816589104845,0.7506400409626216,,,,0.3076923076923077,0.7111959287531806,,0.5620132953466287,,0.5160984848484849
24,0.5509445893605248,,,0.0,,0.4007719523962689,0.8647926696692033,0.29686255773212294,,,,,,0.6722408026755853,0.6147696992767415,,0.15862068965517243
25,0.8885522959183674,,,,,0.5871843567559963,0.7942218322446459,0.0,,,,,0.0,,0.8139281288723668,,0.6366746493328772
26,0.3504775900073475,,,0.6499663752521856,,0.17600452744765138,0.9297028830046727,,,,,,,0.0,0.887375651350071,,0.9729939770740237
27,0.8489523370941745,,,,,0.7060430729668917,0.8782910121323833,0.8701690441777163,,,,,,,0.1670235546038544,,0.6141414141414141
28,0.9460577846744994,,,,,0.4855072463768116,0.6453567937438905,,,,,,,,0.857594400857933,,0.42118863049095606
29,0.9483205501190162,,,,,0.605452789540153,0.8240004853485409,0.46065057712486884,,,,,0.8128654970760234,0.0,0.6650882479552304,,0.5894236482471776
30,0.8684370257966616,,,,,0.5610916374561843,0.8264178965933352,0.0,,,,,0.0,,0.6472282217422606,,0.7886552132701422
31,0.6932761853736941,,0.9718321917808219,,,0.7146986313015388,0.8564863445378151,0.640673107548572,,,,0.618334892422825,0.52,,0.0,,0.6064593301435407
32,0.755771567436209,,,,,0.21401515151515152,0.7914298423367766,0.8162381596752368,,,,,,0.30985915492957744,0.9275904104022755,,0.9726609963547995
33,0.9100292345325458,,,,,0.8706896551724138,0.906921033146043,,,,,,0.3757700205338809,,0.795984246884886,,0.7220822837951302
34,0.7095959595959596,,,,,0.47742363877822047,0.7930870962642921,,,,,,0.2300469483568075,,0.8129757785467128,,0.06451612903225806
35,0.4582431847684985,,,,,0.7118606539227987,0.8489294083657025,,,,,,0.8102134146341463,,0.40967115712688984,,0.2967032967032967
36,0.8997074275647278,,,,,0.6065130496120386,0.81640625,,,,,,0.0957983193277311,0.0,0.597457627118644,,0.3193717277486911
37,0.9261028378758078,,,,,0.563801652892562,0.7730966445770487,0.0,,,,,0.0,0.0,0.6122016331658291,,0.490521327014218
38,0.7372736590365562,,,,,0.7198861549761293,0.8039410580722113,,,,,,0.0,0.3108108108108108,0.797940797940798,,0.47939767282683093
39,0.90850927703135,,,,,0.6786128198270482,0.911493382058024,0.0,,,,,0.14323607427055704,,0.8019913582566222,,0.0
40,0.3323868677905945,,,,,0.60431654676259,0.7984348941629249,0.0,,,,,0.17603686635944701,,0.5542271004834706,,0.6131491186279181
41,0.8578255675029869,,,,,0.6290135396518375,0.9182777678019194,,,,,,,,0.8345756191392162,,0.836141131595677
42,0.29913473423980225,,,,,0.674381582169973,0.777082206249839,,,,,,0.2597560975609756,,0.6975167048967787,,0.09963985594237695
43,0.7961086339683826,,0.0,,,0.6099416355170831,0.784497270825894,,,,,0.418523372651813,0.0,,0.7105026929982047,,0.2576530612244898
44,0.8727225403435711,,,,,0.6758579793936699,0.9005930754434708,0.0,,,,0.7780082987551867,0.0,,0.854034039236066,,0.46284501061571126
45,0.9193089875355347,,,,,0.5607424464447701,0.8263489454943851,0.0,,,,,0.7429934406678592,,0.7054965646470955,,0.6778672590946959
46,0.6625642909625276,,,,,0.12722298221614228,0.9236672351152962,,,0.37735849056603776,,,0.0,0.28217821782178215,0.8549158179172729,,0.954964967383426
47,0.0,,0.7776217228464419,,,0.6426102249984839,0.784815499076247,0.7458991024450634,,,,,,,0.0,,0.0
48,0.5912882298424467,0.0,,0.0,,0.64902089384428,0.8852164794611708,,0.0,,,0.0,0.5391304347826087,0.28450704225352114,0.3783881460065052,,0.4468956823195714
49,0.7604880883207438,,,0.6650612959719789,,0.08930669800235018,0.9284556523050247,,,0.0,,,0.0,0.0,0.9043230688544243,,0.9558127637805346
50,0.8257611241217798,0.23639774859287055,0.8436860068259385,0.0,,0.7777400938330225,0.86647124229253,,,,,0.7354085603112841,0.15384615384615385,0.0,0.7844141689373297,,0.4996704021094265
51,0.8427556563787236,,,,,0.8240967707556218,0.820139595243941,,,,,,0.8036470205144904,,0.341725927349606,,0.16256524981357195
52,0.8781411794418488,,,,,0.6675471033632682,0.8391416519923011,,,,,,0.334924965893588,,0.8454815303430079,,0.6298157453936348
53,0.33444816053511706,,,0.29910714285714285,,0.2632952691680261,0.9020709237369217,,,0.0,,,,0.0,0.9688927292926799,,0.9652781927926851
54,0.0463173880030372,,,,,0.2765089722675367,0.9483350838845204,,,,,,,0.0,0.8835900290715656,,0.9756729131175469
55,0.9246053184464854,,,,,0.6758636329276589,0.8391320160019397,,,,,,0.0,,0.6762230405049974,,0.7602704108164327
56,0.8894679695982628,,,,,0.3490541365181763,0.801864251017461,,,,,,0.3756983240223464,,0.5596609846681269,,0.4412532637075718
57,0.9066517607602013,,,,,0.5306609597497737,0.8295111647555824,,,,,,0.2565284178187404,,0.7374530854499433,,0.07908163265306123
58,0.9349593495934959,,,,,0.4418836427058677,0.8675679436044894,0.542335605893996,,,,,0.32558139534883723,,0.7835946924004825,,0.6521035598705501
59,0.8264475048126758,,,,,0.5196043294387499,0.7909711286089239,,,,,,0.44322631166797183,,0.6179425498797226,,0.8249629882701287
60,0.9648775216138329,,,,,0.484069743015195,0.7359766920062958,,,,,,0.32478097622027535,,0.793303339678145,,0.6693711967545639
61,0.8711105792245093,,,,,0.638149906170659,0.8922925473391626,0.0,,,,,,,0.8886435157069508,,0.5472312703583062
62,0.7840152235965747,0.0,0.7445086705202312,,,0.4429770930137768,0.8040249920767872,0.549275126242059,,,,0.6143617021276596,,,0.0,,0.437659755751207
63,0.8921251348435815,,,,,0.6413176087840585,0.8259594020320555,,,,,,0.20045558086560364,,0.7967872534935353,,0.4869627336587689
64,0.7347912524850895,,,,,0.6001352417446185,0.8668577953788965,0.8193410180556973,,,,,0.061224489795918366,0.0,0.6355426544105789,,0.8333754102499369
65,0.34348075818495116,,,,,0.17509727626459143,0.9239889288222415,,,0.3951219512195122,,,,0.5767543859649122,0.9396729776247849,,0.9412092194633115
66,0.873592941892303,,,,,0.6667512948106022,0.7562363238512035,,,,,,0.11224489795918367,,0.7913247362250879,,0.04907161803713528
67,0.3050847457627119,,,,,0.3667875856509472,0.904672772244134,0.0,,0.13333333333333333,,,0.0,0.0,0.9635884074753128,,0.9169600331331539
68,0.9229618934667148,,,,,0.5982425585813806,0.810942810942811,,,,,,0.0,,0.7044119111642266,,0.1814611154752553
69,0.6179245283018868,,0.7865497076023392,,,0.7060072547111387,0.8360945755337206,,,,,,,,0.7192531457177649,,0.14321819713563605
70,0.8995037220843672,,,,,0.7840521970090651,0.8580495161493025,0.8568372682617652,,,,,,,0.3324396782841823,,0.5910996452757175
71,0.5078876490958061,,,,,0.461690271650801,0.7370745567978256,,,,,,0.5980935491021946,,0.8025527481114874,,
72,0.9320594479830149,,,,,0.6282163742690059,0.868762348649881,,,,,,0.0,,0.782041998551774,,0.4040632054176072
73,0.8097575943540963,,,,,0.370696154812767,0.8750101419878296,,,,,,,,0.6058185966913862,,0.8138797690478886
74,0.05214723926380368,,,,,0.5354947144942279,0.711188948219272,0.0,,,,,0.08921438082556592,,0.7693001443001443,,0.4486362477695641
75,0.7195892575039494,,,,,0.5293353323338331,0.8303308532531265,0.0,,,,,0.5794871794871795,,0.8871322414316045,,0.20481927710843373
76,0.9856309629572405,,,,,0.44432040189785094,0.9129617235554706,,,,,,,0.4368932038834951,0.8648991679593852,,0.6023391812865497
77,0.3609022556390977,,,0.0,,0.3452898550724638,0.9155441332860688,,,,,,0.0,0.0,0.9056965492057696,,0.9784785532805261
78,0.8075435203094777,,,,,0.5779919879819729,0.8845269072670362,,,,,,,0.41818181818181815,0.7074692294722644,,0.5565599804544344
79,0.8312805474095797,,,0.0,,0.6226606538895152,0.8534713604598001,,,,,0.6776859504132231,0.5271828665568369,,0.3619596541786744,,0.6487252124645893
80,0.9396620675864827,,,,,0.6338859583019342,0.8800812434765438,,,,,,0.021671826625386997,,0.6867603550295858,,0.5815
81,0.8855441985847468,,,,,0.4706018251126256,0.8792900500842431,,,,,,0.0,0.10526315789473684,0.793265465935787,,0.666023166023166
82,0.726656115758535,,,,,0.46399850383392555,0.9260745822082755,,,,,,0.08471074380165289,,0.7837734160219935,,0.3916349809885932
83,0.6334617501375894,,,,,0.2343032159264931,0.8839859125750984,0.7347045040354074,,,,,,0.2865853658536585,0.9439368900252565,,0.13618677042801555
84,0.7712087176791091,,,,,0.6123323397913562,0.845888021265991,,,,,,0.4012539184952978,,0.4728189127565103,,0.7868341924398625
85,0.9633051512246144,,,,,0.4982571649883811,0.8729293106986835,0.7187268689859363,,,,,0.19333333333333333,0.6086956521739131,0.43478260869565216,,0.3960036330608538
86,0.3176470588235294,,,,,0.1886380189366351,0.9048956827101838,0.5543996532293021,,0.05701754385964912,,,,0.08411214953271028,0.9720096295497826,,0.9249121660266362
87,0.959869744277368,,,,,0.5672790076935155,0.8956974447968404,,,,,,0.0,0.3791208791208791,0.78348497063227,,0.4936708860759494
88,0.9478584729981379,,,,,0.46712122963134173,0.8024679105465131,0.6406096361848574,,,,,0.5441319107662463,,0.8659682080924855,,0.5759212198221093
89,0.7429230769230769,,,,,0.7769661387220098,0.8322361509909657,,,,,,0.4742028985507246,,0.8590927073717526,,0.7017095382648986
90,0.8,,,,,0.40945303608488987,0.7489013769409008,0.8346132234500843,,,,,,,0.46754563894523327,,0.20465116279069767
91,0.6585512113216598,,,,,0.8133399701343952,0.7354374564864238,0.5401002506265664,,,,,0.4264705882352941,,0.6880270934324988,,0.0
92,0.8529650690495532,,,,,0.5837666088965916,0.8705039903793593,,,,,0.0,0.0,0.35294117647058826,0.5434782608695652,,0.677449168207024
93,0.6982681663988574,,,0.8360295272498822,,0.26732673267326734,0.9420964026227184,,,0.0,,,,0.2,0.8796244551246227,,0.951230065521078
94,0.6556510244547257,,,,,0.6451158940397351,0.8312548835755587,,,,,,0.0,,0.7127993930855099,,0.5169104204753199
95,0.9615055603079555,,,,,0.6107315447425429,0.8537847684034002,,,,,,0.0,,0.5869132290184922,,0.29377431906614787
96,0.8094956315917714,,,,,0.5856647685070562,0.85778083132944,,,,,0.0,0.2760849492151431,0.0,0.5710837921411871,,0.5517241379310345
97,0.903830668353848,,,,,0.5838037565431592,0.8062756134893596,,,,,,0.0,,0.8393365314253192,,0.0
98,0.7732164208848147,,,,,0.5778561354019746,0.8147125885035401,0.0,,,,,0.0,,0.6328129220463509,,0.6011939148854227
99,0.8445786833213883,,,0.8590700344431688,,0.0962406015037594,0.9160942100098135,0.7594159966144731,,,,,,0.0,0.8860443903922165,,0.9289714117300324
100,0.9172973465852102,,,,,0.5818120064532564,0.7859845257166229,,,,,,0.7502605071205279,,0.5748569612205976,,0.661387220098307
101,0.0,,,,,0.36129546057870987,0.9319314883339611,0.9484795878367027,,,,,,,0.0,,0.7384208204675783
102,0.9492608140171565,,,,,0.7087044712937649,0.8744761581153019,0.5967272727272728,,,,,0.17724867724867724,,0.8178807947019867,,0.41648106904231624
103,0.905708245243129,,,,,0.4762148337595908,0.8362674107044,0.0,,,,,,,0.7378969072164948,,0.4775510204081633
104,0.749400479616307,,,,,0.5109204368174727,0.8286660904638433,0.0,,,,,0.6596812922942589,,0.9218925831202046,,0.0
105,0.863855421686747,,,,,0.7464269248501614,0.9000436967445925,0.8807115063924402,,,,,0.20374707259953162,,0.7005894783672562,,0.6860103626943005
106,0.4404332129963899,,,0.6892190957951312,,0.0,0.966176370907612,,,0.0,,,,0.0,0.8804696449026346,,0.9608832807570978
107,0.9398891966759003,,,,,0.6945678168773488,0.8513711883632481,,,,,,0.4562751555067691,,0.8562579013906447,,0.5620767494356659
108,0.577626389386877,,,,,0.714660622688775,0.8158652619299332,0.5037475345167652,,,,0.0,0.0,,0.26001602564102566,,0.5975271259147111
109,0.7667484187427391,,,,,0.49528235459794395,0.8491468827625525,0.0,,,,,0.1583590648434054,,0.40270864683412433,,0.40554156171284633
110,0.43973098810139677,,,,,0.1485063399957017,0.8641890593692532,0.0,,,,,,0.3870967741935484,0.8068872383524646,,0.9686556768052008
111,0.9244629244629244,,,,,0.41524616199047115,0.8538910291689599,,,,,,0.22118380062305296,,0.8733236387138471,,0.9111057865101234
112,0.8148029349264264,,,,,0.5160919540229885,0.3848614875037639,0.039721509710516675,,,,,0.0,,0.6180675660094547,,0.0
113,0.8815950131739605,,,,,0.5238649592549476,0.8006485141918003,,,,,,0.032432432432432434,,0.5841038256001357,,0.0
114,0.619553196195532,,,0.7092675635276532,,0.5309290661571531,0.9060807844285087,,,0.3055555555555556,,,0.0,0.36395759717314485,0.8527993779160187,,0.9564042100419854
115,0.9582391865719819,,,,,0.6790998124609293,0.8772284016455889,0.7041269841269842,,,,,0.0,0.0,0.7268728004022121,,0.5317073170731708
116,0.8468033775633294,,,,,0.6794408455506308,0.8867900446713465,0.8308518005540166,,,,,,,0.7341692789968652,,0.5163841807909605
117,0.9391978637087249,,,,,0.6206039076376554,0.8937481993661769,,,,,,0.14473684210526316,0.0,0.7523101194500789,,0.5374189746611667
118,0.8876335502885915,,,,,0.48399098083427283,0.8674730708105245,,,,,,0.20382165605095542,,0.776165722709287,,0.07263922518159806
119,0.9050102734313261,,,,,0.27491166077738516,0.9329984574615354,,,0.08943089430894309,,,0.0,0.4111111111111111,0.8282776724515094,,0.9308176100628931
120,0.8984164163144763,,,0.0,,0.6416558861578266,0.8737431825770786,0.0,,,,,0.13348855258051998,,0.656568090104198,,
121,0.8812749525492506,,,,,0.7016285242843819,0.7915031852508121,,,,,,0.36619718309859156,,0.7786353647424559,,0.6188034188034188
122,0.78254051228437,,,,,0.5077730275942479,0.876547619047619,0.0,,,,,,,0.8027469316189363,,0.5929878048780488
123,0.8906776094276094,,,,,0.4229234675371781,0.8830591265887385,0.0,,,,,,,0.7580185533256533,,0.6205438066465256
124,0.7594377510040161,,,,,0.6945808328787052,0.8272500651114336,0.0,,,,,,,0.5207129094412332,,0.7057308435286542
125,0.6116700201207244,,,0.0,,0.17182737044761753,0.799230535587729,,,0.0,,,0.022058823529411766,0.11235955056179775,0.9622238348653444,,0.9609382479655337
126,0.9149217128843614,,,,,0.6204819277108434,0.8596613252721971,,0.0,,,,0.5110851808634772,,0.0,,0.4172794117647059
127,0.6882463859208046,,,,,0.5927659289964565,0.8499380478179065,0.0,,,,,0.0,,0.6580987352101183,,0.8036303630363036
128,0.9440513255967544,,,,,0.5805803571428572,0.9008679373723621,,,,,,0.5482128013300083,0.0,0.6824644549763034,,0.2
129,0.932791095890411,,,,,0.7354900748677794,0.8665185928208068,,,,,,,,0.8330994278311562,,0.6366294524189261
130,0.8294121186593658,,,,,0.47753503709810385,0.8862937922556853,,,,,,0.1763085399449036,0.46774193548387094,0.6415972087613878,,0.0892962743938498
131,0.8413080895008606,,,,,0.36089598474919576,0.8281034142490625,0.0,,,,,0.29469122426868904,,0.5056786703601108,,0.49832026875699886
132,0.5944206008583691,,,,,0.519700814745559,0.8799011560593755,,,,,,,,0.18896833503575078,,0.5114208935169634
133,0.8630867247432064,,,,,0.6604122947784224,0.8631952662721893,,,,,,0.5703824247355573,,0.7372068846020562,,0.4461538461538462
134,0.1396797153024911,,,,,0.5894457589445758,0.8134041476985331,0.0,,,,,,,0.8059088351153629,,0.44358251057827924
135,0.0,,,,,0.6776715899218071,0.7263794406651549,0.5231582657737046,,,,,0.0,,0.0,,0.3112970711297071
136,0.001160092807424594,,,,,0.4510086455331412,0.927572136403381,0.7308419368910862,,,,,,,0.8108747044917257,,
137,0.983238434163701,,,,,0.644347206675486,0.8046783625730994,,,,,,0.0,,0.4275960170697013,,0.5391959798994975
138,0.7983764394940532,,,,,0.5483648088438507,0.8213426403320906,,,,,,0.0,,0.8849389588209248,,0.46407021393307735
139,0.0,,,,,0.1811965811965812,0.9190913334370624,,,0.0,,,,0.38294010889292196,0.9628312070657508,,0.9668345528841585
140,0.7621293800539084,,,,,0.43879565646594276,0.8803035460424884,,,,,,,,0.6784200968523002,,0.772370802332596
141,0.7742054014330333,,0.9709824512919718,,,0.6803649687477549,0.7730461416856041,0.8787910207890508,,,,0.7559779276517474,0.664,,0.4280320906087777,,0.5151515151515151
142,0.87279843444227,,,,,0.7668452779638312,0.8141400792901643,,,,,,0.5283018867924528,,0.7301516503122212,,0.6118803418803419
143,0.7085610200364298,,,,,0.20831852115179525,0.9046845472930412,,,,,,0.0,0.056451612903225805,0.959913497547339,,0.9648595689092097
144,0.9682906688687035,,,,,0.35915077648908983,0.8940340406160694,,,,,,0.0,0.0,0.8957676913906157,,0.6213292117465224
145,0.72078501338091,,,,,0.5266469014390049,0.8565484485093521,,,,,,0.5265423242467718,,0.6263422818791946,,0.5505154639175258
146,0.9260584830947304,,,,,0.6506995494427318,0.9203990470518165,0.9106135703298581,,,,,,0.8844166440032635,0.5648578811369509,,0.6828046744574291
147,0.9503531221592896,,,,,0.6507945991157844,0.8096238938053097,0.8006314839873703,,,,,0.0,,0.5936439625920715,,0.5985
148,0.162217659137577,,,,,0.5980647966949337,0.7882044985985314,,,,,,0.0,,0.7284570844686649,,0.19799726900318615
149,0.6936776491540516,,,,,0.28449127428383275,0.8841771828539314,0.4614506927465363,,,,,,0.3,0.8849618508491263,,0.7932232841007819
150,0.9214577442664154,,,,,0.703768296480847,0.8397150489759573,,,,,,,,0.7979385272541555,,0.24429065743944636
151,0.8558661778185152,,,,,0.6226321654079485,0.9182375738420439,,,0.0,,,0.0,0.2347560975609756,0.5731196054254007,,0.47950819672131145
152,0.9292929292929293,,,,,0.7159309021113244,0.8202213949360223,0.7752849430113977,,,,,,,0.4707390004271679,,0.5233127864706812
153,0.8506591744110655,,,,,0.47783572359843546,0.8488939229328957,,,,,,0.5284586622351475,,0.7979573346511819,,0.3778801843317972
154,0.8806712243629583,,,,,0.6614349775784754,0.8207495357899417,0.0,,,,,0.0,,0.7127963679165966,,0.29307282415630553
155,0.8979465270121278,,,,,0.6740326813986961,0.8546513468173329,0.6088777219430486,,,,,0.507274490785645,,0.7477605321507761,,0.5843325339728217
156,0.7007428940568475,,,,,0.6616766467065869,0.8074240590235748,,,,,,0.4591280653950954,,0.709059829059829,,0.7042775345234086
157,0.656737814590634,,,,,0.35290159798149706,0.8752946359731248,,,,,,0.11392405063291139,,0.7749475157452764,,0.6354895104895105
158,0.8929693343305909,,,,,0.3552153606642449,0.9177944553805775,,,,,,0.0,,0.49018920812894184,,0.5641025641025641
159,0.8615384615384616,,,,,0.3746259724715739,0.6460201180844085,0.000687757909215956,,,,,0.4302877015491622,,0.3749423520368947,,0.4898236092265943
160,0.0,,0.9107886285238491,,,0.6822987933822615,0.823402512288367,,,,,,0.8166397415185783,,0.7408024612229201,,0.4028906955736224
161,0.7678508617657405,,,,,0.5084754416419892,0.7023788678490132,0.013266118333775537,,,,,,,0.32084745762711864,,0.0
162,0.8766630708378281,,0.6434034416826003,,,0.7282653312535916,0.8583647347329386,0.0,,,,,0.038202247191011236,0.0,0.39080052027905876,,0.6528136806522171
163,0.7804370447450573,,,,,0.23152173913043478,0.8985353802717487,,,,,,,0.32294617563739375,0.9185169669040637,,0.9563873974268058
164,0.0,,,,,0.6539591237302655,0.7965482156988356,0.8470582495853254,,,,,0.6434894872740686,,0.6421167484997272,,0.4835164835164835
165,0.20534550195567144,,,,,0.43039800038454146,0.8010122060136946,0.6127162977867203,,,,,0.0,,0.004519044544867657,,0.11506849315068493
166,0.8506210679141797,,,,,0.5228379078197825,0.8006694560669456,0.11993651231799048,,,,,,,0.19567684103029614,,0.6519886363636364
167,0.6126806124649558,,,,,0.24815905743740796,0.9192749853150961,,,0.4076923076923077,,,0.0,0.27671232876712326,0.9150433982640694,,0.9357409889257248
168,0.0,,,,,0.6958239005828236,0.8277956488614239,,,,,,,,0.768157146549496,,0.26476190476190475
169,0.7766272189349113,,,,,0.39993014320642684,0.9315765990393953,0.8663336052202284,,,,,,,0.37861429350791054,,0.8118530020703933
170,0.6275151708719259,,,,,0.6070273448985593,0.7573063633746041,,,,,,0.11406351263771873,,0.6763864139532372,,0.6871794871794872
171,0.8668478260869565,,,0.5546218487394958,,0.3642105263157895,0.9560379918588874,,,0.0,,,,0.0,0.9309269457899276,,0.976404248330231
172,0.9758829432520799,,,,,0.4443480774790402,0.9041219885809776,,,,,,0.0,0.4718498659517426,0.7411186696900982,,0.39097744360902253
173,0.8926500635043348,,,,,0.5316153662610356,0.8688302073050346,0.6930569713444331,,,,,0.0,,0.365016501650165,,0.0
174,0.9419651500484028,,,,,0.7641060046964105,0.8740798010017143,,,,,,0.0,,0.7012171181782489,,0.0
175,0.8785308536300677,,,,,0.5984451848326194,0.8229989468141127,,,,,,0.0,,0.8193323432556338,,0.8503166378814048
176,0.9681861348528015,,,,,0.6132019704433498,0.8072539317900689,,,,,,0.4021164021164021,,0.6547364964702019,,0.45098039215686275
177,0.8605609253684043,,,,,0.7205923969436846,0.8382732433827325,0.0,,,,,,,0.8361359755782066,,0.4218551461245235
178,0.912464159217406,,,,,0.3121057374586963,0.8659213899174024,,,0.37453183520599254,,,,0.1951219512195122,0.8957697918048004,,0.9584625428431532
179,0.8401976935749588,,,0.0,,0.07776049766718507,0.9096594559862926,,,0.18536585365853658,,,,0.12546125461254612,0.9426850592578201,,0.9360944830933506
180,0.8368721508070147,,0.0,,,0.5594355758266819,0.8395435072182021,0.0,,,,0.4568403908794788,0.2237960339943343,0.0,0.6249398942138163,,0.24719101123595505
181,0.24868766404199474,,,,,0.34227642276422765,0.8410321341250436,0.0,,0.15731292517006804,,,,0.08552631578947369,0.9389973614775725,,0.9054361382143643
182,0.8114260856956427,,,,,0.5920655034603762,0.8492311925974338,0.0,,0.0,,0.0,0.3786698621929299,0.0,0.746954076850984,,0.8701983429575697
183,0.36600496277915634,,,,,0.48913393432066965,0.8818921982891889,,,,,,,,0.0,,0.5505882352941176
184,0.8562060889929742,,,,,0.3645191409897292,0.8696937836772244,,,,,,,0.0,0.9400276601986505,,0.9652746255106672
185,0.8615351766841037,,,,,0.5502108742733387,0.8698032131811588,0.0,,,,,0.5515873015873016,,0.8319049108539256,,0.6529801324503312
186,0.8809091879201792,,,,,0.6214340786430224,0.8836789160336687,,,,,,0.410427807486631,,0.6483719368915744,,0.6666666666666666
187,0.0,,,,,0.7006224381357219,0.8648654453297825,,,,,,,,0.8357537031658437,,0.7018633540372671
188,0.7421625079974408,,,,,0.4806836569579288,0.7318482291610684,,,,,,0.46206896551724136,,0.8188024298524732,,0.0
189,0.89694254085398,,,,,0.4161927971838614,0.9017341040462428,,,,,,0.0,0.16666666666666666,0.8443187175860443,,0.9150069019917176
190,0.9034885000550237,,,,,0.7141887304820095,0.8695802546769376,0.8311991983075382,,,,,,,0.3325534759358289,,0.433
191,0.6626984126984127,,,,,0.28620480710967483,0.8391061876398953,0.7943166441136671,,0.0,,,0.05319148936170213,0.24623115577889448,0.9665948697865675,,0.9568112290804391
192,0.1346444780635401,,,0.698696574719612,,0.0,0.9520461878077772,,,,,,,0.15,0.901195219123506,,0.9692262355813758
193,0.7353115727002968,,,0.0,,0.730186050323744,0.8931763195575964,,,,,,0.0,0.0,0.757890090487751,,0.5449152542372881
194,0.41877058177826565,,,,,0.4305213464696223,0.8504434162328899,0.757898559496429,,,,,0.0,,0.7799829444142957,,0.0
195,0.5919701213818861,,,,,0.38095238095238093,0.9228116794786625,,,,,,,0.0,0.9440499857994887,,0.974356274024538
196,0.9571818114820547,,,,,0.5624756714674971,0.8668197140532372,,,,,,0.6021093000958773,,0.865234375,,0.7536986872265056
197,0.9602184505006157,,,,,0.6732054794520548,0.8605640407288317,0.49063319595354066,,,,,,,0.5406496062992125,,0.0
198,0.8798440724604448,,,0.40816326530612246,,0.2219666474985624,0.9249736421453593,,,0.075,,,,0.25,0.9429804181878526,,0.9545532892846883
199,0.9500969846587903,,,,,0.49327425225510363,0.814756061059563,0.7212021646695014,,,,,0.17721518987341772,,0.0,,0.0
200,0.7129217059197963,,,,,0.626319088914429,0.7800794295514035,,,,,,,,0.7447076324522257,,0.4765513974419706
201,0.8878787878787879,,,,,0.724371042272805,0.7915568761563043,0.8251898877678268,,,,,0.0,,0.5155155155155156,,0.48174219093708753
202,0.8823529411764706,,,,,0.5784993311443513,0.9095427852348993,0.0,,,,,0.0,,0.775146771037182,,0.5209580838323353
203,0.4116059379217274,,,,,0.7021305700899422,0.720199163278534,,,,,,0.0,,0.7840227344490054,,0.736929736929737
204,0.9148149620383988,,,,,0.6869676320272572,0.9003016807929896,0.0,,,,,0.0,0.5999123575810692,0.7122941954092056,,0.6559139784946236
205,0.9457985456504174,,,,,0.45960476605637895,0.8830291782658006,,,,,,0.0,,0.8209257473481196,,0.020833333333333332
206,0.8617348144646656,,,,,0.5666348738402844,0.780584868538723,0.0,,,,,0.3087248322147651,,0.5757021996615905,,0.401
207,0.8917378917378918,,,,,0.7914681521659459,0.8890529531568228,,,,,,,,0.8757445400397088,,0.2865370770338373
208,0.8505894413121476,,,,,0.465193285076236,0.777493923309688,,,,,,0.0,,0.7445255474452555,,0.7533333333333333
209,0.7542857142857143,,,,,0.3928848842628554,0.8987662519222703,,,,,,0.25735294117647056,,0.4862475442043222,,0.7019996460803397
210,0.5942460317460317,,,,,0.5904648777063873,0.7991436964810301,,,,,,0.2409739714525609,,0.8235590996265267,,0.0
211,0.807825086306099,,,,,0.5952407427999555,0.8777228319864914,0.8179440230185718,,,,,0.0,,0.7792388418257681,,0.6289237668161435
212,0.8677636796193497,,,,,0.5568623099966715,0.8124775084241175,0.5881789901890404,,,,,0.5243619489559165,,0.8766636001226618,,0.6983027364045722
213,0.9755336617405583,,,,,0.4846873670778392,0.8818502803904696,0.7055231014338821,,,,,0.4609494640122512,0.0,0.6207865168539326,,0.5911413969335605
214,0.9370429252782194,,,,,0.429541047188106,0.8777035693750277,0.5601635514018691,,,,,0.0,,0.8434420400284466,,0.7240822912464704
215,0.835234474017744,,,,,0.5247031227092802,0.7999961295816078,,,,,,,,0.40519323671497587,,0.5767072029934518
216,,,,,,0.6098044070314435,0.814512414688272,0.710414579457087,,,,,0.8292434694108334,,0.5296642502861503,,0.0
217,0.8005080693365212,0.3414080242240727,0.9372020102229286,0.0,,0.6914767932489452,0.8286120996441281,,,,,0.0,0.3435448577680525,0.47368421052631576,0.7142654766964159,,0.06204906204906205
218,0.7776442307692307,,,,,0.6484988452655889,0.8426283367556469,0.8261578604044357,,,,,,,0.5677403491517089,,0.6786853860880664
219,0.9497312015639182,,,,,0.6072631578947368,0.8771174455514001,,,,,,0.6948402948402949,,0.7923426903596875,,0.5630252100840336
220,0.8852626612142183,,,,,0.1915444348576359,0.886165277991514,,,,,,0.12039877300613497,,0.6007351252010108,,0.4877637130801688
221,0.923813403951925,,,,,0.5475909432342526,0.8920997021157421,0.0,,,,,0.0,,0.8561446246554266,,0.8223783241344707
222,0.9109937771072978,,,,,0.5389816475783082,0.887381864623244,0.4527363184079602,,,,,0.3020833333333333,0.8506944444444444,0.6239051094890511,,0.475448168355417
223,0.5934314835787089,,,,,0.16104868913857678,0.925866366487095,,,0.2900763358778626,,,,0.2809917355371901,0.9195098510331572,,0.9514638188178972
224,0.8909887701999453,,,,,0.49083382613837967,0.8951327907474834,,,,,,0.42779291553133514,,0.6211896335198082,,0.5986842105263158
225,0.9350480541988341,,,,,0.6769806188371302,0.860884553939292,,,,,,0.5567765567765568,0.0,0.7766567544604928,,0.3665943600867679
226,0.0,,0.0,,,0.7296583405110537,0.8558143109676427,0.0,,,,,,,0.7901658508073355,,0.3550185873605948
227,0.5803411131059246,,,,,0.5334335680936931,0.8124320405944183,0.0993038493038493,,,,,0.8284313725490197,,0.4414719371041712,,0.019417475728155338
228,0.7783025619006727,,0.6453125,,,0.4752571317679022,0.8772798704700224,0.0,,,,,0.6411837237977805,0.425531914893617,0.7783348011652327,,0.5002516356316055
229,0.9285228046289993,,,,,0.41640770665009325,0.8207200929152149,,,,,,0.6648936170212766,,0.5255954496978315,,0.5472727272727272
230,0.6985749690210656,,,,,0.5973322635643366,0.8630077391583093,,,,,,0.0,,0.5151293823038398,,0.5430500844119303
231,0.8548387096774194,,,,,0.6617957004355768,0.8964702498356345,0.5268667131891137,,,,,,0.5180722891566265,0.6998942358540455,,0.44881537773804203
232,0.6626506024096386,,,,,0.15187376725838264,0.9423394318221723,,,0.0,,,,0.0,0.949116482477395,,0.9601953240603729
233,0.8830351225977469,0.39036755386565275,0.0,0.0,,0.6361106694228017,0.8881619175736822,0.0,,,,0.719188767550702,0.477326968973747,0.0,0.7650562974600681,,0.6027397260273972
234,0.892542372881356,,,,,0.6917606244579358,0.8422862757943007,0.7266099635479951,,,,,,,0.7942708333333334,,0.6180926916221033
235,0.0,,,,,0.30253164556962026,0.9488314502399009,,,,,,,0.256140350877193,0.9767088607594937,,0.9476140794025589
236,0.7755930087390761,,,,,0.6531802785095973,0.8609800362976406,,,,,,0.478486646884273,,0.6953208556149733,,0.4388092613009923
237,0.9064737688148473,,0.8114438185591462,,,0.440560323069157,0.8672090535442825,0.8904810644831116,,,,0.8098098098098098,0.0,,0.0,,0.6111111111111112
238,0.8741070678208253,,,,,0.5513629195764812,0.8023252027225063,0.7808937687950206,,,,,0.3827751196172249,,0.5780317243731878,,0.41403265022577285
239,0.8923424932975871,,,,,0.40381125226860254,0.9009409428341766,,,,,,0.6648351648351648,,0.825219298245614,,0.34674063800277394
240,0.8016232038318254,,,,,0.7127365020766036,0.8076355340848095,0.6726067136344799,,,,,0.0,,0.7560197272991007,,0.566593544343466
241,,,,,,0.56125602670293,0.9134617084858452,,,,,,,,,,0.7670120898100172
242,0.9373930056248472,,,,,0.5785003431708992,0.8102523224085599,,,,,,0.42948717948717946,,0.7410905968226706,,0.6473684210526316
243,0.7346101231190151,0.0,0.8151774785801713,,,0.7186806380013421,0.8450315160342533,0.0,,,,0.6932367149758454,,,0.7285633696878526,,0.0
244,0.8997111019397441,,,,,0.5498318924111432,0.8763497198050025,,,,,,0.300314465408805,,0.8246649649010849,,0.7409638554216867
245,0.0,,,,,0.33911068611044703,0.8503821161469615,,,,,,,,0.874107889153218,,0.05426356589147287
246,0.9214738560040173,,,,,0.6507557677008751,0.852316715542522,0.0,,,,,,,0.47525374577090385,,0.25133689839572193
247,0.9045092838196287,,0.0,,,0.6331521739130435,0.8951505732369304,0.0,,,,0.793036750483559,0.6186943620178041,0.0,0.7841325473952525,,0.6093224411340702
248,0.7760635811126695,,,,,0.41202185792349727,0.9262433606953163,,,0.0,,,,0.4312590448625181,0.9147528936248392,,0.9601114788364397
249,0.9612322827001488,,,,,0.554774972557629,0.9088854525990246,,,,,,0.3974663499604117,0.17777777777777778,0.7876592890677397,,0.0
250,0.1746031746031746,,,,,0.33984810126582277,0.755701714320514,0.0,,,,,,0.4461538461538462,0.8555753059410679,,0.7974513749161637
251,0.0,,,,,0.4586408755408501,0.8151295480559121,0.0,,,,,0.0,,0.35714285714285715,,0.0
252,0.8511947863866763,,,,,0.5845870432913725,0.8965237105611185,,,,,,,,0.6602634467618003,,0.5873576756968983
253,0.0,,,,,0.30141843971631205,0.8867789607500397,,,0.17522498676548437,,,,0.20710059171597633,0.9435957696827262,,0.940944643181956
254,0.0,,,,,0.4898582118944466,0.7576778421283371,0.0,,,,,,,0.3700275819797732,,0.28545403587443946
255,0.8112628347623584,,,,,0.5217908082408875,0.7823162134944612,0.7660547374083787,,,,,0.0,,0.8177174264468154,,0.5921450151057401
256,0.8647973950795947,,,,,0.5716592268971412,0.7905829805052808,,,,,0.0,0.4685714285714286,,0.6506122448979592,,0.47854785478547857
257,0.7965139845966761,,,,,0.5312810327706058,0.8676811239383039,0.07927272727272727,,,,,0.0,,0.5231384498190821,,0.24360902255639097
258,0.8078960038517092,,,0.0,,0.15846994535519127,0.9608705796087058,,,0.0,,,,0.0,0.9394529786436868,,0.961128009486003
259,0.7952705581593523,,,0.0,,0.4379746835443038,0.871762109420374,,,0.0,,,0.08547008547008547,0.1130952380952381,0.9463005395816394,,0.955902492467817
260,0.8972115018753057,,,,,0.6656491656491657,0.8258011232243145,,,,,,0.002109704641350211,,0.6632152588555859,,0.669248291571754
261,0.09475465313028765,,,,,0.40427866154690073,0.9449193872281829,0.21341463414634146,,,,,,0.22727272727272727,0.9564408189126045,,0.9068727882287204
262,0.8364978902953587,,,,,0.663798440014857,0.7655942680528238,0.0,,,,,0.6148197596795728,,0.9198810639077838,,0.20849933598937584
263,0.7164412070759626,,,,,0.6708251648547496,0.8726698957874651,,,,,,0.08888888888888889,,0.5597260748959778,,0.625
264,0.8464378367591299,,,,,0.8451825127334465,0.8481717768044182,0.8354552469135802,,,,,0.0,,0.3953279424977538,,0.7517636684303352
265,0.6956521739130435,,,,,0.5194742747235134,0.9361994470839472,,,,,,,0.3118279569892473,0.4460227272727273,,0.5888501742160279
266,0.9683555797693635,,,,,0.5433200604146643,0.8863336155800169,,,,,,0.0,,0.8711662075298439,,0.4
267,0.9187124044870753,,,,,0.22381635581061693,0.9187173534532792,0.0,,,,,,,0.8748081561061171,,0.9438622754491018
268,0.749131341209173,,,,,0.6488545179672055,0.8251506024096386,0.0,,,,0.0,0.5345911949685535,,0.6422657952069717,,0.6866090207992521
269,0.9459777140439137,,,,,0.5865414907693277,0.7596058777402748,,,,,0.4810126582278481,0.3616504854368932,,0.6727564102564103,,0.3940345368916798
270,0.7992700729927007,,,,,0.6034608927725883,0.7436904697842114,0.0,,,,,0.21720243266724587,,0.6892985611510791,,0.7545126353790613
271,0.8925296491013571,,,,,0.6731858340255229,0.8130697565699402,0.0,,,,,0.304635761589404,,0.6583531274742677,,0.6786570743405276
272,0.5534980809373106,,,,,0.6251304925500617,0.8945321307779031,,,,,,0.25347012673506336,0.0,0.4860508817577334,,0.6460032626427407
273,0.19047619047619047,,,0.0,,0.07974137931034483,0.9600177698800533,,,,,,,0.28938906752411575,0.9742470536883457,,0.9728920581351043
274,0.9173164915898692,,,,,0.4793070259865255,0.9262355184044582,0.6809674027339643,,,,,,,0.8312943793309949,,0.0
275,0.9400728087370485,,,,,0.6278323262839879,0.8040172492056287,,,,,,,,0.8856869009584665,,0.25663716814159293
276,0.8594467694192099,,,0.8220432076162578,,0.19423692636072573,0.8960525889705644,,,,,,0.0,,0.8373735445695744,,0.9213946117274168
277,0.5695527287648748,,,0.5057034220532319,,0.16302186878727634,0.9254866572128401,,,0.0,,,,0.0,0.9252604471497132,,0.9782649195802025
278,0.6068563092633115,,,,,0.6864443751947648,0.876405995946277,,,,,,0.2828282828282828,,0.6345357776463632,,0.6963302752293578
279,0.41637168141592923,,,0.24794745484400657,,0.35470941883767537,0.9466514538602496,,,0.0,,,,0.32390745501285345,0.8524427379849067,,0.9509610876699485
280,0.9597771292119925,,,,,0.6073462745553877,0.7156442980650474,,,,,,0.3063457330415755,,0.844041450777202,,0.5827338129496403
281,0.0,,,,,0.6731290213342364,0.7858319152440029,0.7624769362314927,,,,,0.0,,0.6310055865921788,,0.4860050890585242
282,0.6919805589307412,,,,,0.3200842326928139,0.8757237984944991,,,0.35545023696682465,,,,0.192,0.915891987605135,,0.9590632820879513
283,0.9466289990074063,,,,,0.3867037195382642,0.8705301763658918,0.0,,,,,0.0,,0.8377952755905512,,0.6646380525304292
284,0.7422535211267606,,,,,0.5478344794305706,0.7723805501031132,0.5525781051562103,,,,,0.0,0.0,0.5128491620111731,,0.20990873533246415
285,0.8519217165762791,,,,,0.5670008065445328,0.8760106869155593,,0.0,,,,,0.41433778857837184,0.46696644759598754,,0.7625
286,0.7898760875296599,,,,,0.48419138220481256,0.8668804207418342,,,,,,0.0,0.42857142857142855,0.8542720255523024,,0.606282722513089
287,0.8054814678561575,,,,,0.6969773299748111,0.8483105443071259,,,,,,0.0,,0.7829042904290429,,0.5187760778859527
288,0.818999437886453,,,,,0.543501158626501,0.809907476032228,,,,,,0.0,,0.6993136219640972,,0.11158798283261803
289,,,,,,0.66735594154949,0.7465204401369963,0.7252363800090049,,,,,,,0.0,,0.5213468309859155
290,0.7791700449620402,,0.5494484594903005,,,0.6967869500741473,0.8495136148767434,0.0,,,,0.5973700688791485,0.3010156971375808,,0.6701518269284245,,0.0
291,0.6086350974930362,,0.8441343859004957,,,0.7409053497942387,0.8740192781887469,,,,,,0.7009512485136742,,0.6929314565483476,,0.4251918158567775
292,,,,,,0.24081632653061225,0.923932031125933,,,0.0,,,,0.44925373134328356,0.9785540868626922,,0.9669524551831644
293,0.0,,,,,0.6390418854873832,0.8289033747865201,0.0,,,,,,,0.0,,0.6299212598425197
294,0.8506736526946108,,,,,0.22541176470588234,0.9292208396686009,,,0.0,,,,0.0,0.9497100122100122,,0.9782067592234084
295,0.7180043383947939,,,,,0.32443653618030843,0.9234232611749451,,,0.3231441048034934,,,,0.2951977401129944,0.9351565519907229,,0.9541560198406733
296,0.8861861191698281,,,0.0,,0.4770840851678095,0.9297888041606635,,,0.0,,,,0.3208092485549133,0.9331589454119915,,0.9716890865086959
297,0.8559561788960452,,,,,0.5359918460950439,0.862085208834921,,,,,,0.24579124579124578,,0.5693527080581242,,0.39853438556933485
298,0.5348219032429559,,,,,0.727069457659372,0.8320544554455446,,,,,,,,0.5321618571658875,,0.6700213479719427
299,0.8108791903858318,0.0,0.7063106796116505,,,0.7266656548793443,0.8207187686790197,0.0,,,,,0.4791666666666667,,0.8215814185399094,,0.5655066530194472
300,0.9470448957289864,,,,,0.5727307254082795,0.8707972087122013,,,,,,0.24,0.0,0.42867036011080334,,0.3819148936170213
301,0.29180887372013653,,,,,0.721069775415738,0.8052043055700701,0.0,,,,,0.4024303073624017,,0.662915390054207,,0.5731132075471698
302,0.7478656801365965,,,,,0.7274160099543758,0.7790384733011193,,,,,,0.0,,0.8492838309698567,,0.06271951831409935
303,0.0,,,,,0.4276692784469653,0.7860154982879798,0.6654793150856143,,,,,0.7566698810671809,,0.7263731320905592,,0.1332388377037562
304,0.49421593830334193,,,,,0.2541554959785523,0.8996994590262473,,,,,,,0.22006472491909385,0.9354263976501179,,0.9576689929193622
305,0.7078853046594982,,,,,0.6017730677128446,0.735779657089898,,,,,,0.7046918123275069,,0.9056000866551126,,0.27802690582959644
306,0.7969348659003831,,,,,0.5123837391576967,0.8657608389242826,0.6301829268292682,,,,,,,0.2565891472868217,,0.6446499339498019
307,0.9437013301538806,,,,,0.7020655944497004,0.8211972595559882,,,,,,0.6446759259259259,,0.4337024034566568,,0.6468590831918506
308,0.7699167657550535,0.439117199391172,0.959800628453787,0.0,,0.6753158074428133,0.8255514548107459,,,,,0.9151886488229604,0.3391304347826087,0.5161290322580645,0.7069427092628949,,0.4065987384764677
309,0.7951571263242233,,0.908881199538639,,,0.6434215725009877,0.8431233362910382,0.0,,,,0.8066202090592335,0.39090909090909093,,0.8003396143733567,,0.34334763948497854
310,0.9506805578894304,,,,,0.6885065381968342,0.8949821009751883,,,,,,,,0.8935108153078203,,0.8580313683071931
311,0.8451902402542769,,,,,0.5405405405405406,0.8670520231213873,0.8053620115116631,,,,,0.0,,0.7738251642243558,,0.35243376463339493
312,0.938394035600899,,,,,0.5754318154366469,0.8232009925558312,,,,,,0.0,,0.7340295522719698,,0.0
313,0.5650048875855328,,,0.0,,0.2879920279023418,0.9255452742894911,,,,,,0.0,0.0,0.930933489536184,,0.9770947913296668
314,0.9325797978189923,,,,,0.5822215327334781,0.8953797264083021,,,,,,0.5352480417754569,,0.7745038353829296,,0.6725838264299803
315,0.9640781040393501,,,,,0.5302730074856892,0.8666911591046265,0.44214876033057854,,,,,0.0,0.8177570093457944,0.8025111169238818,,0.4904996481351161
316,0.8533121019108281,,,,,0.3616532721010333,0.9019431904214452,,,,,,0.0,,0.7847918756268807,,0.5694682675814752
317,0.9240052185257664,,,,,0.45709357481673135,0.787604670815088,0.003219575016097875,,,,,0.0,,0.8338097713097713,,0.6021297192642788
318,0.9438867624756265,,,,,0.5330685810294792,0.7974439680903023,,,,,,0.47128712871287126,,0.6963103122043519,,0.5351681957186545
319,0.3388189738625363,,,,,0.007484407484407485,0.9058861483414963,,,,,,,,0.9408470779881898,,0.9715148547175971
320,0.9110320284697508,,,,,0.5653077722600762,0.8900614924380921,0.0,,,,,0.6376953125,,0.8864875023491825,,0.0
321,0.9591729808157343,,,,,0.8356080355773654,0.8380908248378128,,,,,,0.0,,0.6124382207578254,,0.6717342342342343
322,0.8351177730192719,,,,,0.5654460459680561,0.8428261835963547,0.0,,,,,0.0,,0.5875010333140448,,0.4972067039106145
323,0.3403361344537815,,0.0,,,0.7415693772118944,0.792226788326252,,,,,,0.0,,0.6907103825136612,,0.25355029585798816
324,0.4957907396271798,,,0.0,,0.0,0.9582477524495774,,,0.0,,,,0.0,0.8929407282425298,,0.9683789677732009
325,0.8344487940396514,,,,,0.5759839357429719,0.8652029466994078,,,,,,,,0.8610726643598616,,0.0
326,0.6803165182987141,0.4166666666666667,0.9639261744966443,0.0,,0.6572316572316572,0.6702595828815613,0.6738969421225267,,,,0.921439529532089,0.3870246085011186,0.53125,0.6187217559715946,,0.46476761619190404
327,0.9085950983776321,,,,,0.571577748243782,0.8588401620401838,,,,,0.0,0.5811320754716981,0.2753623188405797,0.7718500307314075,,0.7031325301204819
328,0.8256281953660394,,,,,0.6799160807439328,0.8058450385138196,,,,,,0.32313965341488277,,0.6203726106944109,,0.6477151965993624
329,0.5898469578200821,,,,,0.44286491105414433,0.7297699780058651,,,,,,0.0,,0.1797911374541349,,0.17564870259481039
330,0.8229541945445188,,,,,0.701632821075741,0.885852534562212,,,,,,,,0.8525263846082003,,0.1223175965665236
331,0.4665551839464883,,,,,0.2902307035032754,0.8677488660778229,0.0,,,,,0.3547486033519553,0.325,0.9424117173846709,,0.006644518272425249
332,0.009734513274336283,,,,,0.6035285469247733,0.7981815434213178,0.34786974609094823,,,,,0.15476190476190477,,0.4018991097922849,,0.8214032600992204
333,0.8503485817973451,,,,,0.508229961832061,0.7817681859845013,,,,,,0.7002952755905512,,0.6701250919793966,,0.22592592592592592
334,0.7339082229750539,,,,,0.6121151012177151,0.8656794385518636,,,,,0.5141843971631206,0.07876712328767123,0.0,0.8049461507778221,,0.3621533442088091
335,0.25842696629213485,,,,,0.28870106761565834,0.9229776121592677,0.0,,,,,0.0,0.5714285714285714,0.9607942973523421,,0.8698901098901098
336,0.7938898971566848,,,,,0.6640429785107447,0.7636604052424844,0.6398827884022209,,,,,0.4351103931071621,,0.5566154726700372,,0.41116751269035534
337,0.0,,0.8171087855926016,,,0.771499356805946,0.7963530446918899,0.0,,,,,0.6319218241042345,,0.4477594878829447,,0.6276719782355228
338,0.9454651501895597,,,,,0.6791166586653865,0.8681655194074385,0.0,,,,,0.0,0.3287037037037037,0.7314947127750786,,0.24481132075471698
339,0.0,,,0.0,,0.3010632344711808,0.9110574504477311,,,,,,,0.28771929824561404,0.9819463630734054,,0.9135103851842326
340,0.7346547314578005,,,,,0.7603035786087656,0.8822213670691231,,,,,0.0,0.12162162162162163,0.0,0.7438638163103721,,0.5292504570383912
341,0.7814614343707713,,,,,0.5767897205792372,0.8930826474236103,,,,,,0.09727626459143969,0.6942909760589319,0.7576952674105425,,0.8551148966373879
342,0.9711359404096834,,,,,0.5898200514138817,0.8365599664523343,0.0,,,,,0.3617021276595745,,0.482040953340047,,
343,0.9013106568887502,,,,,0.4810651679379098,0.8609542211652794,,,,,,0.531404958677686,,0.7030099470352668,,0.6389221556886228
344,0.8330735439988664,,0.17766497461928935,,,0.646837669031593,0.8253075881556484,0.0,,,,,0.0,,0.8195143712956472,,0.0
345,0.8088325495808628,,,,,0.7180207556906141,0.8569479633599688,0.0,,,,,,,0.790604343720491,,0.2609427609427609
346,0.8160076530612245,,,,,0.5262345679012346,0.8591005798673397,,,,,,0.0,,0.6011294982926189,,0.7149739060618225
347,0.12763596004439512,,,,,0.5223842414939882,0.7895353682675279,,,,,,0.7723122574754622,,0.7043463021381002,,0.3091466530403679
348,0.7121742234916102,,,0.6,,0.3691671588895452,0.8877141368637186,0.0,,0.0,,,0.0,,0.6945053484818284,,0.9235080778107484
349,0.8702302366768636,,,,,0.7025945441205896,0.8379913274583858,0.0995503503084806,,,,,0.01694915254237288,,0.32933496532027745,,0.546485260770975
350,0.9016721892579178,,,,,0.648342452526553,0.805372038705372,,,,,,0.0,,0.7538661557410702,,0.19658119658119658
351,0.36153846153846153,,,,,0.11352253756260434,0.9369330453563715,0.0,,0.0,,,,0.09090909090909091,0.9840685849154837,,0.9425900106618552
352,0.0,,,,,0.11578947368421053,0.8410198725159355,,,0.1316225165562914,,,,0.3968042609853529,0.9229398052927464,,0.9361833225749663
353,0.9344653381981476,,,,,0.6183400870478764,0.8635799031995546,0.8573150883115317,,,,,0.4155019059720457,,0.21129860601614087,,0.005076142131979695
354,0.3735751295336788,,,,,0.6558856907046322,0.7208698917756308,0.0,,,,,0.7437329523314716,,0.6928139547327304,,0.5243243243243243
355,0.8256832050941895,,,,,0.4209586776859504,0.7375695069333887,,,,,,,,0.7292903225806452,,0.4634538152610442
356,0.9605564556679144,,,,,0.6810372255806554,0.8377484731785116,0.7067610062893082,,,,,0.0,,0.8505887750420553,,0.6791666666666667
357,0.8973609991941982,,,,,0.20031545741324921,0.8943679964959668,,,,,,,0.18587360594795538,0.9112660434162573,,0.8430135016377727
358,0.0,,,,,0.6836713026860601,0.8390777500117874,,,,,,0.0,,0.7738390641616448,,0.43561973525872444
359,0.8393529493794449,,,,,0.7413172773331376,0.8819742489270386,0.0,,,,,0.0,,0.8383349467570184,,0.6221064814814815
360,0.7936283185840708,,,,,0.6363875724065298,0.8366727687639491,0.0,,,,,0.0,,0.7208315655494273,,0.4656084656084656
361,0.9282061466660047,,,,,0.6232163080407701,0.8753510995410015,,,,,,,0.7989690721649485,0.7678916827852998,,0.5419354838709678
362,0.9490057964634235,,,,,0.6177187753996207,0.8827305234773434,,,,,,0.375366568914956,,0.8610440002928472,,0.5326223337515684
363,0.9309154797013239,,,,,0.658543892939179,0.8149968817638211,0.001272264631043257,,,,,0.603988603988604,,0.3099481734294021,,0.6357717349674454
364,0.8749282845668388,,,,,0.6283374283374283,0.8366106993394847,,,,,0.0,0.0,,0.8666092943201377,,0.46622734761120266
365,0.8592664209317784,,,,,0.6244429100495889,0.7719363198815253,,,,,,0.7696335078534031,,0.7618143459915612,,0.6853448275862069
366,0.746256038647343,,,,,0.35936737283998826,0.7597180399671503,,,,,,0.30729590452942773,,0.41041087426629597,,0.5958998348926803
367,0.7776228651097944,0.2694854814060112,0.7928655892786756,0.0,,0.7367592488474081,0.855144132191533,0.02594810379241517,,,,,0.35980746089049337,0.0,0.7211550533584432,,0.2658582089552239
368,0.0990990990990991,,,,,0.5018445995799988,0.7677175544856862,0.0,,,,,0.7021577644145738,,0.6442383410622101,,0.4205469327420547
369,0.839493136219641,,,,,0.5955903137661359,0.8196680906999672,,,,,,0.7135922330097088,,0.5596183001872826,,0.6700434153400868
370,0.7811011621261192,,,,,0.4262380088151413,0.8829620124339034,,,,,,0.045317220543806644,,0.797146678555506,,0.3445273631840796
371,0.885728298185385,,,,,0.551478277402795,0.7819093377898475,,,,,,0.6959038290293855,,0.7375650364203954,,0.49838917525773196
372,0.900998595724762,,,,,0.4630657390760572,0.7991242337044915,0.0,,,,,0.4163473818646232,,0.6897948847809572,,0.42070275403608737
373,0.8945511811023622,,,,,0.4308214947498456,0.9065198140358645,0.0,,,,,0.0,,0.6692845828933475,,0.5547445255474452
374,0.1971357591699547,,,,,0.6839121828324636,0.8101321724866724,,,,,,0.09208103130755065,,0.6066060714073546,,0.5357142857142857
375,0.17863720073664824,,,0.8735598227474151,,0.6027184929056874,0.8973254427970975,,,,,,0.0,0.0,0.661662654015012,,0.7504558478770513
376,0.0,0.34782608695652173,0.8102372034956304,,,0.7315184815184815,0.8395693267075903,0.008093070308548306,,,,,,,0.6366829757872287,,0.19184290030211482
377,0.8929932571093521,,,,,0.4888823006225912,0.8004370741740584,0.0,,,,,0.3829787234042553,,0.5492478313385308,,0.3447587354409318
378,0.9583293234529882,,,,,0.563326393968379,0.7473737986525751,0.7095634095634096,,,,0.0,0.0,0.5919003115264797,0.732141149469255,,0.6055488540410132
379,0.91287823417629,,,,,0.571893063583815,0.8677731874078906,,,,,0.0,0.205607476635514,,0.834942084942085,,0.5781729000613121
380,0.8295902623007029,,,,,0.46567357512953367,0.8416295884315906,0.0,,,,,0.0,,0.6893577876157074,,0.40240963855421685
381,0.8179048171793384,,,,,0.5158905175768582,0.8504886769964243,,,,,,0.0,,0.8005534417156693,,0.39621811785400174
382,0.1710914454277286,,,,,0.0,0.9503389718949516,,,0.0,,,,0.20689655172413793,0.9528485365969356,,0.9439640947792225
383,0.9351219161332086,,,,,0.5796122209165687,0.8899175268993391,0.8650891210817455,,,,,0.49724972497249725,,0.39123310118803767,,0.3401506996770721
384,0.9303218599455422,,,,,0.7699538124949356,0.6791910224750711,0.0,,,,,0.2214377406931964,,0.4641789839269849,,0.6189111747851003
385,0.932400365074536,,,,,0.6147776183644189,0.9023114795137827,0.0,,,,,0.0,,0.8145098039215686,,0.7005347593582888
386,0.9783864356251164,,,,,0.5392797163649935,0.8798482425610635,0.0,,,,,0.5813953488372093,0.7951127819548872,0.5085646780862374,,0.5552447552447553
387,0.7611423626135871,,,,,0.6024550635686102,0.7506717792337188,,,,,,0.521505376344086,,0.8476880081300813,,0.7909284195605953
388,0.9523009035511663,,,,,0.6142613774641031,0.7662594631796283,,,,,,,,0.8988832611216208,,0.05309000414765657
389,0.7724834726206811,,0.9022956326987682,,,0.726988775012201,0.8731852126722018,0.0,,,,0.6420367534456355,0.452,,0.6567669172932331,,0.19230769230769232
390,0.8373097991479002,,0.0,,,0.5135220873978904,0.8430985673844043,0.0,0.0,,,,0.1152073732718894,0.24233023095484316,0.4764379764379764,,0.0
391,0.9354277092119008,,,,,0.5713329988292356,0.8785462151915283,,,,,,0.4860557768924303,0.7947112038970077,0.5148125129480008,,0.5710843373493976
392,0.7509790681971641,,,,,0.47667804323094426,0.8693134620083068,0.6807222735200574,,,,,0.0,0.48516320474777447,0.3202026806145799,,0.6416974169741697
393,0.7558774139378673,,,,,0.6606946983546618,0.8056209450536832,0.0,,,,,0.0,,0.6744522300077855,,0.5121515368120085
394,0.6592797783933518,,,,,0.6321270234044747,0.6986652570371349,0.7201459854014599,,,,,,,0.8125803811528118,,0.16538461538461538
395,0.8533251733986128,,,,,0.6308736823298196,0.8849413388543823,,,,,,0.42495479204339964,,0.6917228825356034,,0.5343680709534369
396,0.8734815922257522,,,,,0.5590851334180432,0.864973544973545,,,,,,0.140625,,0.6734571599760335,,0.8002326740900781
397,0.8839405080213903,,,,,0.5210740546218487,0.7684311391155376,,,,,,0.0,0.5140845070422535,0.8261164308109482,,0.4197014925373134
398,0.0,,,,,0.600035973379699,0.8108062709966405,0.5869262865090403,,,,,0.0,,0.8695236958338307,,0.6341127922971114
399,0.0,,,,,0.30978809283551967,0.901657493515531,0.0,,0.0,,,0.0,0.0,0.9189179335739546,,0.9582196452933152
400,0.9306948750683932,,,,,0.5420846974337311,0.7871008804497719,0.0,,,,,,,0.860879550867642,,0.5441941074523396
401,0.8497175141242937,,,,,0.5884315906562848,0.8080009066183137,0.0,,,,,,,0.7220590113679908,,0.8070395977372722
402,,,0.622997508009968,,,0.5806500037529085,0.8299191374663073,0.8409928587882977,,,,,,,0.7621904322411936,,0.0
403,0.8319484063003845,,,,,0.627182681507199,0.8223388551746761,,,,,,0.3737745098039216,,0.6865108761532763,,0.6262583892617449
404,0.9465605725316635,0.0,0.7937219730941704,,,0.4378097125867195,0.8030624757005712,0.5100920679886686,,,,0.7348066298342542,0.0,0.6608695652173913,0.057678697806086345,,0.3678509532062392
405,0.9283598301570061,,,,,0.5528960729458087,0.8405687594449787,0.6708180708180708,,,,0.0,0.13097713097713098,,0.36945890519009306,,0.2813688212927757
406,0.9115589722279936,,,,,0.6589207735495946,0.7979130209346037,,,,,,0.10366492146596859,,0.7064513728700053,,0.5573302909298345
407,0.7245508982035929,,,,,0.6403863725362224,0.8585072515033605,0.6851752021563342,,,,,0.0,,0.22293577981651377,,0.7754442649434572
408,0.0,,,,,0.6667155425219942,0.8200439128676258,,,,,,0.0048543689320388345,,0.8721204113287758,,0.5242070116861436
409,0.8615998123387286,,0.8390572390572391,,,0.518870523415978,0.8799945526351627,0.5820162040111568,,,,,0.5297418630751964,0.46938775510204084,0.5087701089776855,,0.6330572560316888
410,0.864077099371217,,,,,0.5577005577005577,0.896192914361219,0.0,,,,,0.0,,0.7112129212610654,,0.5681415929203539
411,0.26404084609773887,,,,,0.5553349447513812,0.8352143462550743,,,,,,0.5841121495327103,,0.7049319727891157,,0.5588235294117647
412,0.49209409949865024,,,,,0.4370749801289411,0.8158028227851878,,,,,,0.8278978122027449,,0.6847655373569665,,0.4304635761589404
413,0.8748202916409941,,,,,0.2616822429906542,0.9309267143763023,0.0,,,,,0.0,0.4558139534883721,0.7479359730412806,,0.9499625468164794
414,0.801087638569337,,,,,0.4632899628252788,0.8695819402940915,0.1037827352085354,,,,,0.4504150283966798,,0.2705471197879007,,0.28040540540540543
415,0.1312984496124031,,,,,0.6818831699346405,0.8041618756485402,0.6517895644674429,,,,,0.7467811158798283,,0.630195519875696,,0.7674950948332243
416,0.20945945945945946,,,0.0,,0.2962962962962963,0.9628972361891617,,,0.0,,,,0.0,0.9040278180237612,,0.9812482507696614
417,0.7211158350115612,,,,,0.7249856763373093,0.8633178633178633,,,,,,0.3953488372093023,,0.5366700977869274,,0.7635605006954103
418,0.9400665926748057,,,,,0.6500090530508782,0.8406831442666466,,,,,,,,0.8649509153621651,,0.5739385065885798
419,0.886061100627327,,,,,0.5746590346971946,0.740231443373844,,,,,,0.40876436781609193,,0.8116209611729568,,0.5511363636363636
420,0.9051847608135205,,,,,0.3589099489990104,0.6966902125296894,0.5451838782599107,,,,,0.22580645161290322,,0.06863609641387419,,0.6724744808166139
421,0.7885886240264338,,,,,0.660630021680908,0.8729753077532215,,,,,,0.21076233183856502,,0.7560841619513267,,0.5276617954070981
422,0.6638558834802606,,,,,0.5327749860413177,0.9012339036550809,,,,,,,0.45569620253164556,0.5155308298562818,,0.44283276450511944
423,0.3233082706766917,,,,,0.6117045199010569,0.8145617702544231,0.0,,,,,0.14400805639476336,,0.7038255033557047,,0.15517241379310345
424,0.6908948808128175,,,0.1206896551724138,,0.35444078947368424,0.9266396933560477,,,0.05405405405405406,,,,0.3670212765957447,0.9558590773198898,,0.9706725096915557
425,0.14232209737827714,,,,,0.3912006360985953,0.8895136118403374,,,,,,0.0,,0.8444096950742768,,0.4043478260869565
426,0.5704918032786885,,,,,0.2641686182669789,0.8910088148873653,,,0.3381294964028777,,,,0.34623217922606925,0.9109103078982597,,0.937547059315653
427,0.9720454929339564,,,,,0.6593899984517727,0.8985459038205664,0.7556440903054449,,,,,,,0.6103995901639344,,0.29333333333333333
428,0.9172454126763653,,,,,0.651161178509532,0.7866303302340494,,,,,,0.2307017543859649,,0.703865851643813,,0.13075060532687652
429,0.2038917089678511,,,,,0.18680297397769516,0.8945843727367828,,,0.19453450671607225,,,,0.16237623762376238,0.9164424302506727,,0.9377538239647778
430,0.8707500648845056,,,,,0.6879273982233016,0.8050011470520761,,,,,,0.4085315832649713,,0.8051437756742276,,0.49471458773784355
431,0.32786885245901637,,,,,0.3893477641697522,0.885809312638581,,,0.0,,,0.05510204081632653,0.2795031055900621,0.9080816326530612,,0.9337723424270932
432,0.7452654455138156,,,,,0.6397908640616401,0.8181442731277533,0.18429961912822684,0.0,,,,0.39021164021164023,0.0,0.45846921158641857,,0.6509225092250922
433,0.9022215831476023,,,,,0.6557527539779682,0.7858533808682105,0.0,,,,,0.0888030888030888,,0.5233573870110141,,0.6707726763717805
434,,,,,,0.7697194282689254,0.8732956517427736,,,,,,0.0,,0.8731988472622478,,0.575602255253716
435,0.9670257450638626,,,,,0.723677290417587,0.8850151479841529,,,,,,0.3761467889908257,,0.5992975734355045,,0.5245901639344263
436,0.9329395729213994,,,,,0.4875780198262147,0.8971609915087058,,,,,,0.5657370517928287,,0.8491416574039767,,0.4751552795031056
437,0.8377250195669189,,,,,0.3877316477517598,0.8713643389068427,0.0,,,,,0.0,,0.8724301881738432,,0.6934959349593496
438,0.8913598250091141,,,,,0.5621224793234829,0.8831387676378033,,,,,,0.0,,0.7849285623972689,,0.718923198733175
439,0.7462157048249763,,,,,0.09945872801082543,0.9168763822161214,,,0.4224137931034483,,,,0.2946859903381642,0.879085835769333,,0.9546247818499127
440,0.9212752114508783,,,,,0.5959858323494687,0.8348414933780788,,,,,,0.0,,0.8405326404676843,,0.6130030959752322
441,0.6439871202575949,0.33240997229916897,0.8931612903225806,,,0.703800997158634,0.7684358647376984,0.0,,,,0.933375235700817,0.24870466321243523,0.3150684931506849,0.6693451185214946,,0.0
442,0.0,,,,,0.8868881184058457,0.8272717557795747,0.8830708102738755,,,,,,,0.0,,0.2846715328467153
443,0.43891402714932126,,,,,0.18563922942206654,0.961086712286794,,,,,,,0.4148936170212766,0.963726072456485,,0.9692041522491349
444,0.8227636849132176,,,,,0.4074653822998194,0.7338220653452802,,,,,,0.5720122574055159,,0.746741491672701,,0.6037672384796502
445,0.8357108892058963,,,,,0.8156397530565307,0.8185692148760331,0.3714107365792759,,,,,0.5407904278462654,,0.6891174518911746,,0.7752747252747253
446,0.9345941686367218,,,,,0.5317502668089648,0.911018563884806,,,,,,0.2188679245283019,0.40389294403892945,0.7890043210444057,,0.5265131226566685
447,0.4177343223196224,,,0.7211517644511799,,0.3879935535858179,0.9003357184034725,,,0.26865671641791045,,,0.109375,0.28688524590163933,0.8458009880028229,,0.9502269445017537
448,0.48392415498763397,,,,,0.5402080643936518,0.8263166211426894,0.006070241364359011,,,,,0.7318116975748931,,0.5828146611341632,,0.4773776546629732
449,0.8718629664055239,,,,,0.6909072207364739,0.8815887156644395,0.6650294695481336,,,,,0.418,,0.6255633884202011,,0.4388185654008439
450,0.7425414364640884,,,,,0.5575849822425165,0.8430675367179135,0.24956722446624352,,,,,,,0.0,,0.2886129618413083
451,0.8377952755905512,,,,,0.7599932959021202,0.8288412208632291,,,,,,0.37846836847946724,,0.8353723854090319,,0.5010706638115632
452,0.9080568720379147,,,,,0.7057988342549694,0.8331397880679344,0.6141522029372497,,,,0.5450643776824035,0.48911070780399274,,0.6577086280056577,,0.20300751879699247
453,0.407871198568873,,,,,0.7095870206489675,0.8400638149366836,,,,,,0.38358458961474035,,0.8673812728321476,,0.484375
454,0.9345058093267548,,,,,0.6078356304236856,0.8932482007337086,,,,,,0.4,,0.8245638816300587,,0.17316017316017315
455,0.7513377400062953,,,,,0.5255872892094746,0.8786180946080053,,,,,,0.4032023289665211,,0.6769133593009791,,0.7683235046335299
456,0.7736343479137271,0.0,0.672093023255814,,,0.6550077154824013,0.8834520518817776,,,,,0.0,,,0.816627868307283,,0.5729166666666666
457,0.8787903422485976,,,,,0.6909016393442623,0.8477396146795337,,,,,,0.6242299794661191,0.0,0.8280120653349269,,0.4022503516174402
458,0.9400157853196527,,,,,0.6028339237341113,0.8536276078620815,0.732741545007703,,,,,,,0.8125882020886255,,0.556
459,0.48302165354330706,,,0.0,,0.2542080276219249,0.8796947320072077,,,0.4034334763948498,,,,0.24285714285714285,0.7947006869479882,,0.9518006618649016
460,0.9418207681365576,,,,,0.4695403014824966,0.8455593432043509,0.0,,,,,0.26688102893890675,,0.8339417115707747,,0.5514612452350699
461,0.9529955008287947,,,,,0.6356607588914001,0.865290939686476,,,,,,0.19444444444444445,,0.7797337913267497,,0.6180340557275542
462,0.8734168308471714,,,,,0.5768487364879376,0.7992502585315409,0.0,,,,0.0,0.40675364543361475,,0.38686408504176156,,0.5122767857142857
463,0.6304985337243402,,0.8488342625443487,,,0.7720488466757124,0.8016622444201654,,,,,,0.2651356993736952,,0.7767009758053736,,0.23901098901098902
464,0.7629310344827587,,,,,0.7851527830607329,0.8088965811773697,,,,,,0.43575418994413406,,0.541923076923077,,0.579546465095598
465,0.14791666666666667,,,,,0.6186459789815525,0.8042017369560849,,,,,,,,0.7507477567298105,,0.697378277153558
466,0.0,,,,,0.06033898305084746,0.8839330576276427,,,0.06201550387596899,,,,0.0,0.9547478968493979,,0.9473019310593755
467,0.9322607959356477,,,,,0.4560884459669885,0.8930831998779837,0.0,,,,,0.0,,0.8330900598452781,,0.5720620842572062
468,0.9626266154383514,,,,,0.4673953316042979,0.8909743806391262,0.3876953125,,,,,,0.7288676236044657,0.8040823018280187,,0.17696629213483145
469,0.7479435957696827,,,,,0.7313489974637508,0.8188243446125418,,,,,0.4161073825503356,0.19718309859154928,0.0,0.6591646829690543,,0.32555123216601817
470,0.7503702136661731,,,,,0.7151515151515152,0.8448347753570312,,,,,,,,0.7448844259189087,,0.6950179533213644
471,0.8429392303674038,0.4710006373486297,0.9608675465941501,0.0,,0.7304208065458796,0.8397513305604007,0.0,,,,0.9575796726959518,0.2853107344632768,0.36585365853658536,0.7199783871403485,,0.29222520107238603
472,0.8327991870554209,,0.5283018867924528,,,0.7381721028609596,0.7657487902017044,0.25358724534986715,,,,,0.0,,0.2884719956498097,,0.27406886858749124
473,0.7310371517027864,,,,,0.33879996071884516,0.8014989011814647,,,,,,0.059322033898305086,,0.5550921565989506,,0.5132394366197183
474,0.8517369152385363,,,,,0.5345028106222136,0.8068624293702609,0.0,,,,,0.2649164677804296,,0.5455808300052092,,0.5970149253731343
475,0.9219450450925584,,,,,0.8014799693799438,0.8901215805471124,0.0012224938875305623,0.0,,0.0,,0.23767383059418457,,0.5120633777457688,,0.5355880868248359
476,0.9349537985342983,,,,,0.591053905951319,0.8545044185898658,,0.0,,0.0,,0.7197368421052631,0.0,0.6828767949800892,,0.3603851444291609
477,0.9362918215613383,,,,,0.5156727828746177,0.8498443337484434,,0.0,,0.0,,0.624024024024024,0.0,0.6711911708740327,,0.45582776540460285
478,0.9264773247824095,,,,,0.595945945945946,0.8955446329475186,,0.0,,0.0,,0.7153846153846154,0.023255813953488372,0.861923648983639,,0.5877034358047016
479,0.9128419100602689,,,,,0.4603244191144235,0.8623571858087793,,0.0,,0.0,,0.15436241610738255,0.13157894736842105,0.8700935794125293,,0.18247298919567828
