Image_Number,0_Dirt,1_Bush,2_Fence,3_Gravel,4_Water,5_Tree-trunk,6_Tree-Foliage,7_Other-object,8_Other-terrain,9_Rock,10_Ignore,11_Structure,12_Mud,13_Log,14_Grass,15_Background,16_Sky
0,0.8537469118858084,,,,,0.50801146905043,0.8648082245947014,,,,,,0.0,,0.47506561679790027,,0.4972477064220184
1,0.8621659634317862,,,,,0.37649910691502936,0.8501200192030725,,,,,,0.0,,0.40389211334926595,,0.5711307972902553
2,0.8521598053133239,,,,,0.47260399486897564,0.8113387978142077,0.7452021233156391,,,,,,,0.6626760563380282,,0.770394541679027
3,,,,,,0.5944951628287233,0.7950076380537588,0.0,,,,,,,0.8959068791145883,,0.30921985815602837
4,0.8012733060482037,0.10445859872611465,0.6970051474029013,,,0.6241384063964709,0.8047328185624832,0.0,,,,,0.2119815668202765,,0.6785390884394809,,0.1244196843082637
5,0.749034749034749,,,,,0.48435998718906803,0.8261688326784925,,,,,,,,0.0,,0.49989170457006715
6,0.8763975155279503,,,,,0.44982058108577383,0.8330721003134797,,,,,,0.0,,0.8811605723370429,,0.6317606444188723
7,0.742960944595822,,,,,0.4302517054810633,0.8695368558382257,,,,,,,,0.69874715261959,,0.6277128547579299
8,0.8620526191040531,,,,,0.27059773828756056,0.8708099847172694,,,0.2765151515151515,,,,0.16494845360824742,0.827286282306163,,0.941749489896663
9,,,,,,0.5946025878003697,0.8024958542960735,,,,,,,,0.68958658900412,,0.44027125717266563
10,0.0,,,,,0.5994546953268658,0.7837780408584525,,,,,,0.0,,0.7647606847560265,,0.3527315914489311
11,0.8202479338842975,,,,,0.5303971899486625,0.7610472863471027,0.0,,,,,,,0.5241840635107321,,0.25426136363636365
12,0.8161201348452345,,,,,0.3929932260795936,0.7896268298536117,0.0,,,,,0.34459459459459457,,0.7532330430192663,,0.4049247606019152
13,0.7917319135609145,,,,,0.44988829828210464,0.7348155092747606,,,,,,0.2185929648241206,0.0,0.6273784929868436,,0.3042406311637081
14,0.5087336244541485,,,,,0.09345794392523364,0.8766355140186916,,,0.45342706502636204,,,,0.10144927536231885,0.9125181246979217,,0.911737500608539
15,0.6906456532791052,,,,,0.4415595923792645,0.6962223527109024,0.0,,,,,,,0.7074127606855255,,0.5613005193045835
16,0.9468822170900693,,,,,0.5136711629602625,0.8615138592750533,,,,,,,0.0,0.660024650780608,,0.0
17,0.6852966466036113,,,,,0.4496762801648028,0.8394316059757236,,,,,0.0,0.22407732864674867,0.0,0.7008667135160459,,0.45050878815911194
18,0.8678815489749431,,,,,0.6555802332037757,0.7990108426859426,,,,,,,,0.8143568607247124,,0.004201680672268907
19,0.0,,,,,0.0,0.96303180503924,,,0.0,,,,0.0,0.9691772309221973,,0.9566519224225927
20,0.36722606120434353,,,0.32887700534759357,,0.1331309627059844,0.8393215800044633,,,0.0,,,,0.17391304347826086,0.7474379016849053,,0.9310747663551402
21,0.7496684350132626,,,,,0.4042901832265753,0.8609627096912064,,,,,,,0.0,0.7428835917611664,,0.473421926910299
22,,,,,,0.0,0.9003655676645055,0.0,,,,,,,0.9613892958717573,,0.9621521696828177
23,0.44593202883625127,,,,,0.15074183976261127,0.8662267239615306,0.0,,0.0,,,,0.16182572614107885,0.8556998556998557,,0.9304484721269124
24,0.9441539659583936,,,,,0.16451831750339213,0.8355746353574015,0.0,,0.15920398009950248,,,,0.060810810810810814,0.9145098039215687,,0.9454177897574124
25,0.9499105545617174,,,,,0.45931632161771785,0.8266189967196196,,,,,,0.0,,0.7056638811513464,,0.5962360992301112
26,0.1490066225165563,,,,,0.5014208839712195,0.7338959544394936,,,,,,0.319060773480663,,0.6229077781424351,,0.5786787638219449
27,0.7002629272567923,,,,,0.4349762014432673,0.7981631037212985,,,,,,0.6238361266294227,,0.8032895280601703,,0.10964912280701754
28,0.8291410471399292,,,,,0.2535994764397906,0.7961401189689359,0.0,,,,,0.23011363636363635,0.0,0.18632330664358365,,0.35714285714285715
29,0.7574215436810857,,,,,0.08881578947368421,0.9351321063747252,,,0.0,,,,0.0,0.9029298609055934,,0.9530051941627504
30,0.8812440089466397,,,,,0.4363826329231484,0.8114551671732523,,,,,,,,0.6548170276325617,,0.4603174603174603
31,0.8008867392180572,,,,,0.7010354223433243,0.7750526397878812,0.5470902901604798,,,,,,,0.37116510019507004,,0.4968
32,0.7674133169683952,,,,,0.4125,0.8695664790203702,0.0,,,,,,0.0,0.8655085458111516,,0.4506057781919851
33,0.9034248300176279,,,,,0.4403014676715589,0.8461985902963115,0.8316273549918409,,,,,,,0.6334397810218978,,0.693050193050193
34,0.6699266503667481,,,,,0.0,0.9430846049093893,,,,,,,,0.9064653425212809,,0.9619386637458927
35,0.8828142339276467,,,,,0.5505374121537826,0.826727232764305,0.0,,,,,0.0,,0.5862815884476534,,0.3992673992673993
36,0.048209366391184574,,,,,0.048574445617740235,0.929567614267495,,,0.0,,,,0.0,0.9273062730627306,,0.9575478927203065
37,0.4567404426559356,,,,,0.11507936507936507,0.9440814040328603,,,,,,,0.12721893491124261,0.9724126673196213,,0.9070335837784014
38,0.8052241212512092,,,,,0.04713275726630008,0.9073815271248888,,,0.0,,,,0.0,0.9189263466471235,,0.9484969368855962
39,,,,,,0.33656528091379995,0.8207659655649354,,,,,,,,0.0,,0.6720020007502814
40,0.9270339652448657,,,,,0.31384229503056904,0.8205950808328616,,,,,,0.4087912087912088,,0.708667152221413,,0.503273007316134
41,0.6767676767676768,,,,,0.0,0.9519015220041688,,,,,,,0.0,0.8982476932193346,,0.9561715028150715
42,0.8413781895010564,,,,,0.3599695585996956,0.9096884649484851,,,,,,0.12753378378378377,0.0,0.5,,0.43538461538461537
43,0.7084548104956269,,,,,0.5897860417727967,0.7950226839371425,,,,,,0.1408284023668639,,0.8011515933684106,,0.19621749408983452
44,0.9730181970299101,,,,,0.2921974522292994,0.8938796800741857,,,0.18098159509202455,,,,0.14713896457765668,0.9253883001887067,,0.9317505687452604
45,0.8694945848375452,,,,,0.6263851872632907,0.7819516743065806,,,,,,0.0,,0.742841204908888,,0.30975143403441685
46,0.35831180017226527,,,,,0.09206081081081081,0.9229614412136536,,,0.0,,,,,0.9285714285714286,,0.9457690052765292
47,0.818209044624139,,,,,0.6069611050527081,0.8406345296739386,,,,,,,,0.7182727020272147,,0.3157894736842105
48,0.7608055009823183,,,,,0.598064085447263,0.7079715864246251,,,,,,,,0.3090332805071315,,0.3377777777777778
49,0.5768960674157303,,,,,0.19523326572008112,0.7514593010258576,0.0,,,,,0.00784313725490196,0.0,0.2664245625619016,,0.9049460286772998
50,0.5560235888795282,,,,,0.016129032258064516,0.9191580093453704,,,0.0,,,,0.0,0.9270801350936445,,0.9381880298620777
51,0.2686962276637988,,,,,0.4908218356328734,0.7596525385652239,,,,,,0.09126984126984126,,0.6741519914903675,,0.008264462809917356
52,0.3633720930232558,,,,,0.4853343276162068,0.8409018968078112,,,,,,,,0.06505102040816327,,0.6958831341301461
53,0.6749489448604493,,,,,0.35968379446640314,0.8043033422211199,0.0,,,,,,,0.7170382835506941,,0.8512630662020906
54,0.3090909090909091,,,,,0.20806451612903226,0.9400789690632186,,,,,,,0.08536585365853659,0.9634876943005182,,0.9383726215988051
55,0.4771615570099897,,,,,0.6026967701473817,0.7560893098782138,,,,,,0.40779014308426076,0.0,0.2067074842364982,,0.20406905055487054
56,0.9253228523301515,,,,,0.478032054860059,0.766985153608702,0.0,,,,,0.7079207920792079,,0.6745537567455375,,0.5780094149293881
57,0.8666666666666667,,,,,0.5298082510168507,0.8449957921640744,,,,,,,,0.7484276729559748,,0.8240971357409713
58,0.7912269129287599,,,,,0.4777756397921878,0.8312159709618875,,,,,,,0.0,0.6603006907761073,,0.5635641316685585
59,0.8305397914741982,,,,,0.35623911781775974,0.7501237930180737,,,,,,0.0014388489208633094,,0.37014369345396486,,0.6838175400488732
60,0.8965942028985507,,,,,0.35669226549643446,0.8389043457815745,,,,,,,,0.7398341088407849,,0.006329113924050633
61,0.6156373193166885,,,,,0.29722458227131127,0.8125454167964289,,,,,,0.0,,0.679496317415063,,0.7405646359583953
62,0.9639051967819091,,,,,0.5308484461860932,0.802236076765003,,,,,,,0.5519630484988453,0.7606419148646811,,0.0
63,0.8806224167274496,,,,,0.17563636363636365,0.8411627796513561,0.0,,0.20809248554913296,,,0.0,0.14814814814814814,0.9204730831973899,,0.907354758961681
64,0.6238200999444753,,,,,0.4384951881014873,0.8376716761343208,,,,,0.0,0.3333333333333333,,0.6201850656337422,,0.8483501683501683
65,0.5347501435956347,,,,,0.5669320157379449,0.7957572767636902,0.0,,,,,0.2378917378917379,0.0,0.50625,,0.22538860103626943
66,0.36555697823303457,,,,,0.1545253863134658,0.9463152965217762,,,,,,,0.0,0.9064965197215777,,0.9612302360840372
67,0.16839134524929444,,,,,0.13067400275103164,0.9214198546187722,,,0.2601010101010101,,,,0.14481897627965043,0.934297475896436,,0.8996421228965202
68,0.6633825944170771,,,,,0.20609137055837565,0.9048447056001919,,,0.23529411764705882,,,,0.24028268551236748,0.8923600209314495,,0.9053776866137518
69,0.8158342792281499,,,,,0.08389585342333655,0.9197623902828265,,,0.0,,,0.0,0.0,0.8967912971935278,,0.9686940966010733
70,,,,,,0.16589861751152074,0.9342987520953623,,,0.0,,,,0.24696356275303644,0.957735104091888,,0.9281637049003769
71,0.3755725190839695,,,,,0.7133563387452622,0.8080929357172989,,,,,,0.41379310344827586,,0.7134581705509901,,0.24079320113314448
72,0.9491888160165689,,,,,0.439131028829075,0.8298328010520383,,,,,,0.3574417214584579,,0.7090040686361224,,0.508716323296355
73,0.8682399213372665,,,,,0.598479959847996,0.7525954946131244,,,,,,,,0.7733226410050789,,0.3297952994692949
74,0.5989159891598916,,,,,0.13305785123966943,0.914358443351454,,,0.0,,,,0.1908763505402161,0.9050372654844513,,0.9425073609174027
75,,,0.7880281690140845,,,0.5411028075136336,0.7794413524600873,0.46729930751474735,,,,,,,0.0,,0.0
76,0.8798353909465021,,,,,0.5945583926329008,0.8531394111387016,0.6079127567841744,,,,,,,0.3062434600627834,,0.3763440860215054
77,0.8886990981142389,,,,,0.41680803862716953,0.8364973552641113,,,,,,0.15324675324675324,0.35337552742616035,0.583579335793358,,0.37925445705024313
78,0.8676436015986208,,,,,0.378227638917579,0.7959866220735786,,,,,,0.07758620689655173,,0.6676239920468353,,0.12982456140350876
79,0.8955453149001537,,,,,0.5252043596730245,0.8766214971714248,0.4083769633507853,,,,,,,0.0,,0.5990566037735849
80,0.723404255319149,,,,,0.587707182320442,0.8365015618027666,,,,,,0.0,,0.7659307576517812,,0.3075313807531381
81,0.6945506692160612,,,,,0.34514678656440095,0.838683586668526,,,,,,,,0.8079864905135592,,0.4726952436876101
82,,,,,,0.5826206765488408,0.6784524195688715,0.0,,,,,,,0.6145397489539749,,0.0
83,0.786583850931677,,,,,0.14746800222593212,0.909513160158266,,,,,,,,0.7952898550724637,,0.8997157937474625
84,0.8344501812589257,,,,,0.6237924372067347,0.8848131529820195,,,,,,0.44830783495595733,,0.6107924367962609,,0.6932400932400933
85,0.7822141560798548,,,,,0.44171831955922863,0.8368053930059454,,,,,,,,0.6397590361445783,,0.5042105263157894
86,0.5985205110961668,,,,,0.4232204362801378,0.8926086228747698,,,,,,,0.0,0.6781020271775451,,0.3695652173913043
87,0.0,,,,,0.2116788321167883,0.8685590173756741,0.0,,,,,,,0.9264224773879017,,0.9313234780584333
88,0.4106925880923451,,,,,0.1981981981981982,0.9310845121508886,,,,,,,0.08358208955223881,0.9409968068860197,,0.9154698399671728
89,0.8033811098860713,,,,,0.3828634493829638,0.7904873154221703,0.7584493041749503,,,,,,,0.6099142923326384,,0.525390625
90,0.842126459927507,0.0,0.0,,,0.5383740761796475,0.8503542147576216,,,,,0.7481060606060606,0.0,0.0,0.821499176276771,,0.6097560975609756
91,0.9175642087821044,,,,,0.5986274509803922,0.8391024808416677,,,,,,0.0,,0.864047287899861,,0.450070323488045
92,0.4099415204678363,,,,,0.37455217843522476,0.8439706257620007,0.148602256007847,,,,,0.3114503816793893,,0.7207886343867788,,0.0
93,0.0,,,,,0.4710518907760158,0.7795527156549521,0.0,,,,,0.12246621621621621,,0.490387670797585,,0.62148070907195
94,0.7274167987321711,,,,,0.5265846463774372,0.7960846532390351,0.3243812532912059,,,,,0.0,,0.0,,0.24878048780487805
95,0.7436250861474845,,,,,0.4644863563402889,0.7885346756152125,,,,,,0.0471311475409836,0.0,0.5719678319382898,,0.7136597447132788
96,0.3351926977687627,,,,,0.45683955675575005,0.8083675875473982,0.0,,,,,0.0,,0.6822734499205088,,0.7265100671140939
97,0.8620689655172413,,,,,0.5363466915191053,0.840468302724261,0.5526024363233666,,,,,0.3753527751646284,,0.7703982777179763,,0.5687702265372169
98,0.8749329039184112,,,,,0.46479898126250685,0.8076449818104001,,,,,,,,0.7479156449239823,,0.6028368794326241
99,0.959049959049959,,,,,0.36783384826639204,0.7834269236606465,0.0,,,,,0.0,,0.5028963741686333,,0.5242494226327945
100,0.8235719450469993,,,,,0.5187584015642185,0.8266338010365314,,,,,,0.33513513513513515,,0.3616706708556644,,0.5399725902238465
101,0.5190380761523046,,,0.2881745120551091,,0.187636761487965,0.9043691080493111,,,0.18556701030927836,,,,0.16546762589928057,0.9436241610738255,,0.9443121979369545
102,0.7529411764705882,,,,,0.3677616501145913,0.8991992056811069,,,,,,,0.11610486891385768,0.39033942558746737,,0.3961456102783726
103,0.638,,,,,0.1735769501054111,0.8977042684239996,,,0.2937853107344633,,,,0.16323296354992076,0.9384297520661157,,0.9064999436746649
104,0.0,,,,,0.6268990169794459,0.7279503105590062,0.0,,,,,,,0.7910404344031805,,0.7413229889750919
105,0.6065573770491803,,,,,0.06174334140435835,0.9055690072639225,0.0,,0.2608695652173913,,,0.0,0.2631578947368421,0.9498577175939554,,0.9003849601856246
106,0.6739606126914661,,,,,0.24751703992210322,0.8680474915278338,,,,,,,,0.6090577824049974,,0.8129727989699018
107,0.5942549371633752,,,,,0.5479198519353021,0.8222534645511147,,,,,,0.0,0.5,0.43203551912568305,,0.34984894259818733
108,0.9452596314907873,,,,,0.4406904149834741,0.7341578810118095,,,,,,,,0.5330137621772073,,0.4681255946717412
109,0.45618556701030927,,,,,0.02586206896551724,0.9377143641103032,,,0.0,,,,0.20824053452115812,0.8888364965224567,,0.937453202216343
110,0.15119916579770595,,,,,0.4625893769152196,0.6938158053975554,,,,,,0.0,,0.5884645362431801,,0.6771837971893083
111,,,,,,0.236810551558753,0.8840073447086748,,,0.0,,,,0.15163398692810456,0.9312573443008225,,0.9327438493608833
112,0.9164925034075421,,,,,0.3348937702556716,0.8704127749322085,,,,,,0.623921085080148,0.0,0.5703735881841877,,0.3411458333333333
113,0.7901405206173693,,,,,0.629103892710964,0.8283029906735038,,,,,,0.0,,0.7814577397910731,,0.56
114,0.8745413244801677,,,,,0.5861965491372844,0.728020121630753,0.0,,,,,0.0,,0.792848095098899,,0.33500942803268385
115,0.16049382716049382,,,,,0.3740831295843521,0.8530954642065753,,,,,,,,0.0,,0.5979300917789494
116,0.3624048254721645,,,,,0.6469949066213921,0.8037188545927855,0.0,,,,,0.2169811320754717,,0.37814377921210773,,0.5898876404494382
117,0.5917630057803468,,,,,0.6314179058809131,0.7675450039133838,,,,,,0.0,,0.7778258518117902,,0.18523676880222842
118,0.7781323122739843,,,,,0.5244760423609568,0.7495999702303427,,,,,,0.0,,0.8110476803087562,,0.3518029903254178
119,0.6280864197530864,,,,,0.47462396894711306,0.8073660643899978,0.6660126773317235,,,,,,,0.0,,0.4045393858477971
120,0.8401188707280832,,,,,0.39648367420165054,0.8659400089206066,,,,,,0.0,0.24375,0.7502846917195379,,0.29570637119113574
121,0.6998806682577565,,,,,0.6168545356951154,0.863147276395427,,,,,,0.3450479233226837,0.0,0.7503355704697987,,0.4323853743470691
122,0.6197044334975369,,,,,0.17808591625883632,0.7847942034819362,,,0.0,,,,0.17884914463452567,0.8894181694453895,,0.93726644245142
123,,,,,,0.09903593339176162,0.8980587510271159,,,0.0,,,,0.18998527245949925,0.9647646594793584,,0.9431681981622053
124,0.9230631917172438,,,,,0.4780954451570823,0.80846868165358,0.0,,,,,0.49799599198396793,,0.5666713701142938,,0.31802120141342755
125,0.9016129032258065,,,,,0.5675108253510038,0.8695222007722008,,,,,,,,0.6033857315598549,,0.6017748197448697
126,0.8958109559613319,,,,,0.34863013698630135,0.8906026252983293,0.029850746268656716,,,,,,,0.7561891143086961,,0.5480872363246335
127,0.8173913043478261,,,,,0.40187607998025177,0.852450967020377,,,,,,0.4153522607781283,,0.6377476155539251,,0.45100972326103217
128,0.4977284199899041,,,,,0.6937289134043807,0.7737209898704962,,,,,0.0,,,0.5389978920058375,,0.3720538720538721
129,,,,,,0.0,0.9611544524839323,,,0.0,,,,0.0,0.966804979253112,,0.9604607554245915
130,0.9122248740387165,,,,,0.44851994851994853,0.7367290147592377,,,,,,0.0,0.5888324873096447,0.8444041411622459,,0.10815307820299501
131,0.8939088342073417,,,,,0.3256490599820949,0.886438949783329,,,,,,0.41025641025641024,0.31990881458966564,0.7417917099985143,,0.5064
132,0.41081651099728833,,,,,0.5318808562504761,0.6933940584130698,0.0005518763796909492,,,,,0.08565928777670838,,0.5960435595077003,,0.6441351888667992
133,0.8676900584795322,,,,,0.5853803486529319,0.7589994842702424,,,,,,,0.0,0.41016675632060245,,0.4300814416912147
134,0.8903343465045592,,,,,0.2503225806451613,0.8336151944841941,,,,,,0.04716981132075472,,0.6984924623115578,,0.7922941767068273
135,0.7812734082397004,,,,,0.46257295102765794,0.790363846920363,,,,,,0.0,0.04477611940298507,0.15753663642707608,,0.3008631319358816
136,0.691304347826087,,,,,0.5496234939759036,0.7722973696420287,0.06259473918858671,,,,,,,0.009381850065760632,,0.06896551724137931
137,0.7316962255570714,,,,,0.4284299157999009,0.8383562503924153,,,,,,0.5853293413173652,,0.6817708333333333,,0.7197856717602699
138,0.6519871106337272,,,0.4909993792675357,,0.2618629173989455,0.8855820105820106,,,0.0,,,0.0,0.0,0.896506183215272,,0.959857205303803
139,0.5604547020323803,,,,,0.6256825572120989,0.772590990170405,0.4920597576755676,,,,,0.00398406374501992,,0.39745243469848435,,0.4472934472934473
140,0.8470759171812569,,,,,0.5191265415128427,0.7751252375194334,0.0,,,,,,,0.496650539635281,,0.23863636363636365
141,0.8753371291579263,,,,,0.3470533208606174,0.7379081841781664,,,,,,,,0.6755280931168272,,0.7206340220775544
142,0.8167641325536062,,,,,0.41661372299872934,0.9028439914515863,,,,,,,0.2622249388753056,0.6344869459623558,,0.4407894736842105
143,0.5735992402659069,,,,,0.2965197215777262,0.9059361476279906,,,,,,,0.0,0.915021620605377,,0.9662346521145976
144,0.0,,,,,0.6692393012293187,0.7630093826818544,,,,,,0.6932839767318879,,0.5302588996763754,,0.0
145,0.4846350832266325,,,,,0.4981481481481482,0.800743906815883,,,,,,0.0,,0.7906178489702517,,0.7032967032967034
146,0.7425320056899004,,,,,0.3521383075523203,0.8882496763986768,,,,,,0.0,,0.6804635761589404,,0.6762333965844403
147,0.510158013544018,,,,,0.08895899053627761,0.839039371664485,,,0.2157303370786517,,,,0.2374727668845316,0.9052908693977142,,0.8573705179282869
148,0.2570178636529347,,,,,0.34746588693957114,0.658029767026803,0.0,,,,,0.4475703324808184,,0.5783232628398791,,0.0
149,0.4875759249033683,,,,,0.4995138393725287,0.8014219750236121,,,,,0.0,0.31139240506329113,,0.5087554721701063,,0.09895833333333333
150,0.4492753623188406,,,,,0.2738805970149254,0.9144023720410246,,,,,,,0.13489208633093525,0.9538490999617005,,0.9354384977846544
151,0.8335861321776815,,,,,0.6143861546782045,0.8435080136862957,,,,,,0.0,,0.6326985760850918,,0.7766281192939745
152,0.8511873350923482,,,,,0.4612323646448812,0.815355700607015,0.04426559356136821,,,,,0.0,,0.5399525316455697,,0.3025546321945214
153,0.9547782818674082,,,,,0.4865371734762224,0.840168203387215,0.0,,,,,0.0,,0.8177151882074231,,0.1689106487148103
154,0.9031046074747874,,,,,0.4941397512749396,0.7751225100235474,,,,,,0.31392931392931395,0.0,0.7813360020015011,,0.2569392348087022
155,,,,,,0.602935311478025,0.8345963674311129,,,,,,,,,,0.5225332068311196
156,0.7064516129032258,,,,,0.7408235134769064,0.8477286020666797,,,,,,,,0.8436763550667714,,0.5894949494949495
157,0.4931972789115646,,,,,0.04251207729468599,0.9174883238194084,,,,,,,0.23393316195372751,0.9494284724627641,,0.9270680749363965
158,0.5299976835765577,,,,,0.3136982495137538,0.8145334434351775,,,,,,,0.10661764705882353,0.8499819472860753,,0.9185622234298579
159,0.4853211009174312,,,,,0.1999121265377856,0.9206180510137345,0.7117766268858365,,,,,,,0.6266238973536488,,0.3828125
160,,,,,,0.4329498698463347,0.7114507657955152,0.0,,,,,0.0,,0.7137560532687651,,0.7362739049969155
161,,,,,,0.6503569490251743,0.6851851851851852,,,,,,,,0.0,,0.433849821215733
162,0.6526548672566371,,,,,0.5385262885262885,0.7933124862848365,,,,,,,,0.7371173963580008,,0.27986348122866894
163,0.7179294823705926,,,,,0.4856025595449698,0.8186531515787021,,,,,0.0,0.0,0.0,0.7532688284518828,,0.2721456692913386
164,0.8805970149253731,,,,,0.0351123595505618,0.9101336783096162,,,0.0,,,,0.0,0.9208440445586975,,0.9561766540053291
165,0.8121613485851896,,,,,0.6056644880174292,0.7084437198559881,,,,,,,,0.6824477233638092,,0.10294117647058823
166,0.5412026726057907,,,,,0.1784090909090909,0.9286420071315032,,,,,,,0.06827309236947791,0.9562912945618238,,0.9432842382941306
167,0.6042435424354243,,,,,0.2560205751695113,0.9086870104057057,,,,,,,0.390625,0.6699756508709496,,0.6177036561898653
168,,,,,,0.431102053613419,0.8836966906974725,,,,,,,,,,0.4430828764914544
169,0.8544045676998369,,,,,0.5884892086330935,0.7904013653483992,,,,,,0.14488636363636365,,0.6750835499443001,,0.42875237492083595
170,0.9043151969981238,,,,,0.38194290772294753,0.8628516377649326,,,,,,,,0.807139649753031,,0.738450604122246
171,0.5593693873478348,,,0.7513227513227513,,0.42111879321181644,0.8692165330043183,,,0.12790697674418605,,,,0.04573170731707317,0.7459257582616569,,0.9251416430594901
172,0.691239827668741,,,,,0.17528164347249833,0.8792082420702523,,,,,,0.0,0.0,0.7632480354624219,,0.9084041548630784
173,0.6155055002619172,,,,,0.6922918384171476,0.8448973384030418,,,,,,,,0.6643695287763084,,0.6008403361344538
174,0.7387152777777778,,,,,0.6343493695678786,0.7897081979295789,,,,,0.0,0.27741935483870966,0.0,0.5926167918980725,,0.36723672367236726
175,0.9202958661689479,,,,,0.589424176941655,0.8769555087096417,,,,,,0.7651098901098901,,0.6392267593397046,,0.28232189973614774
176,0.8742339461763923,,,,,0.5579364273382756,0.8348028410482489,,,,,,0.5448717948717948,,0.7885771543086172,,0.4300341296928328
177,0.8494275759084121,,,,,0.3490769056518292,0.7841311807391573,,,,,,0.4634760705289673,,0.6830627000118525,,0.48723404255319147
178,,,,,,0.01568627450980392,0.9117329355485829,,,0.3812646370023419,,,,0.06506849315068493,0.9663322956301165,,0.9271089271089271
179,0.7010192525481314,,,,,0.21963913948646774,0.8646485227768884,,,0.16111111111111112,,,,0.0,0.9506437768240343,,0.956106114599242
180,0.29178470254957506,,,,,0.49940754951193367,0.7437203823924179,,,,,,,,0.5933852140077821,,0.6373664253705619
181,0.39820166987797045,,,,,0.5854458216713314,0.8237230797112394,0.0,,,,,0.0,,0.0,,0.38565022421524664
182,0.6346909241265247,,,,,0.3837690149165559,0.6745895749267592,,,,,,0.0,,0.1710242264331974,,0.5729719112158711
183,0.6074586697424068,,,,,0.029069767441860465,0.8991341504554143,,,0.0,,,,0.19358533791523483,0.9168540655698899,,0.9142058241833185
184,0.6399913718723037,,,,,0.31520686315206864,0.7216858746153382,,,,,,0.4892979452054795,,0.4797427652733119,,0.5674294343129284
185,0.48898467432950193,,,0.6446991404011462,,0.0,0.9339388934764657,,,0.0,,,,0.0,0.8663928946614459,,0.9458646616541353
186,0.9671632228095467,,,,,0.23900709219858157,0.8839375629405841,,,0.19540229885057472,,,,0.17937219730941703,0.9441302248586012,,0.9432854055070012
187,0.0,,,,,0.17582632505378448,0.867542165572293,,,,,,0.0,,0.8437033786748573,,0.07142857142857142
188,0.9132429198244915,,,,,0.34094278090720426,0.8089933347936289,0.0,,,,,0.493142144638404,0.0,0.4672314976326937,,0.419629057187017
189,0.8748530276308054,,,,,0.47620596205962057,0.7876632509543902,,,,,,0.5569196428571429,,0.6284524635669674,,0.5868895732512098
190,,,,,,0.40612516644474034,0.8703564645081496,,,,,,,,,,0.5907305577376276
191,0.21499013806706113,,,,,0.6184037228905084,0.6677445432497979,,,,,,0.0,,0.7260834014717906,,0.5371198568872988
192,0.7479022934924483,,,,,0.19524940617577197,0.9089355714142124,0.573711617884719,,,,,,0.0,0.5915153054744062,,0.9194618154254312
193,0.8061627600737424,,,,,0.5034109621265584,0.8580348544624273,,,,,,0.0,,0.8505184331797235,,0.38860103626943004
194,0.7762725779967159,,,,,0.4055026074447042,0.874641638225256,,,,,,0.29276315789473684,,0.40902738960313023,,0.19937694704049844
195,0.8612460108228112,,,,,0.46537059538274606,0.8179052185137378,0.5662949194547707,,,,,0.2916666666666667,,0.5480863591756624,,0.0
196,0.875605815831987,,,,,0.5225541384918257,0.8382711139831983,,,,,,,,0.6760386067981536,,0.654510556621881
197,0.8737042521683943,,,,,0.434102329830973,0.8149584666602023,,,,,,0.40942562592047127,,0.697056712132089,,0.6228070175438597
198,0.7931647410519512,,,,,0.38223938223938225,0.8560836270815607,,,,,,0.31378299120234604,0.0,0.7476300821571519,,0.0
199,0.9124521886952827,,,,,0.37353404516016103,0.8684004140916648,,,,,,0.22401433691756273,0.0,0.6495368328187031,,0.6132756132756133
200,0.5666151468315301,,,0.8291666666666667,,0.024390243902439025,0.9297883324728963,,,0.0,,,,0.0,0.8531876524875358,,0.9546261449975147
201,0.8709519736038128,,,,,0.6170100369783412,0.7305897651648435,0.0,,,,,0.0,,0.7474858579509742,,0.5520833333333334
202,0.794577685088634,,,,,0.539681379713534,0.7778506112549572,,,,,,0.0,,0.6791880541297247,,0.3958630527817404
203,0.7356154406409323,0.0,0.0,,,0.45046988137421046,0.7873234604608611,,,,,0.0,0.0,,0.7028347996089932,,0.6347642505277973
204,0.5461613216715258,,,,,0.4828208282082821,0.7033483454082632,0.3245945945945946,,,,,0.0,,0.6212484418448557,,0.23690036900369005
205,0.8223658694246929,,,,,0.14924797531816428,0.9016407930008543,0.0,,,,,0.0,0.0,0.5807993880283037,,0.9388571428571428
206,,,,,,0.3066084788029925,0.7575549646910827,,,,,,,,0.0,,0.7535363518438446
207,0.8344505974934422,,,,,0.6209365764946578,0.8701515620167027,,,,,,,,0.8294227574750831,,0.420049710024855
208,0.2246376811594203,,,,,0.05970149253731343,0.935689560940062,,,,,,,0.11206896551724138,0.9626517810899465,,0.945889878122569
209,0.5736607142857143,,,,,0.08520900321543408,0.8955334071613141,,,0.3635161929940516,,,,0.16124661246612465,0.9052609293955753,,0.9123202706512545
210,0.94515612489992,,,,,0.42568326469487083,0.7653691368304191,,,,,,,,0.7729864054962725,,0.32309217046580774
211,0.0,,,,,0.3840895432692308,0.7202819816323891,,,,,,,,0.8140450322783813,,0.6692126909518213
212,0.47077082255561303,,,,,0.46654862779815354,0.8200290715280721,,,,,,,,0.7969598262757872,,0.3457563419981209
213,0.4230351321984788,,,,,0.18496621621621623,0.906305000517652,,,0.22265625,,,,,0.870443314473967,,0.9436994005314876
214,0.9019490254872564,,,,,0.16053019145802652,0.8944654520453764,,,0.0,,,0.0,0.10755813953488372,0.8819820816281385,,0.9452823248114769
215,0.4766233766233766,,,,,0.027737226277372264,0.8672832092241172,0.0,,0.6410748560460653,,,,0.1558139534883721,0.9348803236318688,,0.9090362251035958
216,0.0,,0.321011673151751,,,0.3999886447510362,0.7167031408932589,,,,,0.0,0.25703463203463206,,0.7187464645321869,,0.4943639291465378
217,0.6922332446165014,,,,,0.28301075268817205,0.8764213751251988,0.0016803898504453034,,,,,0.0,0.31402439024390244,0.3578372372928433,,0.6664516129032259
218,0.6388357765030805,,,,,0.5580315145813735,0.6696574225122349,,,,,,0.7474267616785432,,0.675101140125046,,0.0045871559633027525
219,0.6826666666666666,0.14479638009049775,0.7634252539912917,,,0.5010163688884134,0.8530039341201574,0.0,,,,0.5259391771019678,0.0,,0.7909745700426283,,
220,0.9429419302623592,,,,,0.5081707959936742,0.8534159035509585,,,,,,0.125,,0.4410215903106898,,0.30612244897959184
221,0.8365482233502538,,,,,0.44859613536884807,0.8133314710709173,,,,,0.0,0.0,0.0,0.7662140014048232,,0.857866413421969
222,,,,,,0.09345794392523364,0.9468332720813426,,,0.0,,,,0.0,0.9658060013956734,,0.9459796755214833
223,0.5787975809320527,,,,,0.583249581239531,0.8205790044877248,0.0,,,,,,,0.4619251068107565,,0.7193742932529212
224,0.0,,,,,0.4901851205029689,0.7712412403380553,,,,,,,,0.8444225074037512,,0.40059347181008903
225,0.6862432173635493,,,,,0.49769408147578786,0.90490501842926,0.0,,,,,0.0,,0.6706432173164433,,0.22916666666666666
226,0.6387702818104184,,,0.5314043754410727,,0.0,0.9430844819339971,,,0.0,,,,0.0,0.8587507453786524,,0.9451590474535025
227,0.0,,0.7970027247956403,,,0.5493562231759657,0.8246633068534495,0.624355264813184,,,,,,,0.0,,0.0
228,0.7708480316071681,,,,,0.3194608035597435,0.8235910878112713,,,,,,0.02564102564102564,0.0,0.5687124421239287,,0.08441558441558442
229,0.0,,,,,0.16704035874439463,0.9323714331774947,,,,,,,0.11746031746031746,0.9757443961191034,,0.9302752293577982
230,0.8600674373795761,,,,,0.5047808387768626,0.8346248829089671,,,,,,,,0.7172330097087378,,0.5608782435129741
231,0.8396763560083907,,,,,0.05013927576601671,0.9365230158044736,,,,,,,0.0,0.9217039739670644,,0.9407925100547241
